,province,date,cases,cumulative_cases
0,Alberta,25-01-2020,0,0
1,Alberta,26-01-2020,0,0
2,Alberta,27-01-2020,0,0
3,Alberta,28-01-2020,0,0
4,Alberta,29-01-2020,0,0
5,Alberta,30-01-2020,0,0
6,Alberta,31-01-2020,0,0
7,Alberta,01-02-2020,0,0
8,Alberta,02-02-2020,0,0
9,Alberta,03-02-2020,0,0
10,Alberta,04-02-2020,0,0
11,Alberta,05-02-2020,0,0
12,Alberta,06-02-2020,0,0
13,Alberta,07-02-2020,0,0
14,Alberta,08-02-2020,0,0
15,Alberta,09-02-2020,0,0
16,Alberta,10-02-2020,0,0
17,Alberta,11-02-2020,0,0
18,Alberta,12-02-2020,0,0
19,Alberta,13-02-2020,0,0
20,Alberta,14-02-2020,0,0
21,Alberta,15-02-2020,0,0
22,Alberta,16-02-2020,0,0
23,Alberta,17-02-2020,0,0
24,Alberta,18-02-2020,0,0
25,Alberta,19-02-2020,0,0
26,Alberta,20-02-2020,0,0
27,Alberta,21-02-2020,0,0
28,Alberta,22-02-2020,0,0
29,Alberta,23-02-2020,0,0
30,Alberta,24-02-2020,0,0
31,Alberta,25-02-2020,0,0
32,Alberta,26-02-2020,0,0
33,Alberta,27-02-2020,0,0
34,Alberta,28-02-2020,0,0
35,Alberta,29-02-2020,0,0
36,Alberta,01-03-2020,0,0
37,Alberta,02-03-2020,0,0
38,Alberta,03-03-2020,0,0
39,Alberta,04-03-2020,0,0
40,Alberta,05-03-2020,1,1
41,Alberta,06-03-2020,1,2
42,Alberta,07-03-2020,0,2
43,Alberta,08-03-2020,2,4
44,Alberta,09-03-2020,10,14
45,Alberta,10-03-2020,0,14
46,Alberta,11-03-2020,5,19
47,Alberta,12-03-2020,4,23
48,Alberta,13-03-2020,6,29
49,Alberta,14-03-2020,10,39
50,Alberta,15-03-2020,17,56
51,Alberta,16-03-2020,18,74
52,Alberta,17-03-2020,23,97
53,Alberta,18-03-2020,22,119
54,Alberta,19-03-2020,27,146
55,Alberta,20-03-2020,49,195
56,Alberta,21-03-2020,31,226
57,Alberta,22-03-2020,33,259
58,Alberta,23-03-2020,42,301
59,Alberta,24-03-2020,57,358
60,Alberta,25-03-2020,61,419
61,Alberta,26-03-2020,67,486
62,Alberta,27-03-2020,56,542
63,Alberta,28-03-2020,79,621
64,Alberta,29-03-2020,40,661
65,Alberta,30-03-2020,29,690
66,Alberta,31-03-2020,64,754
67,Alberta,01-04-2020,117,871
68,Alberta,02-04-2020,97,968
69,Alberta,03-04-2020,107,1075
70,Alberta,04-04-2020,106,1181
71,Alberta,05-04-2020,69,1250
72,Alberta,06-04-2020,98,1348
73,Alberta,07-04-2020,25,1373
74,Alberta,08-04-2020,50,1423
75,Alberta,09-04-2020,28,1451
76,Alberta,10-04-2020,49,1500
77,Alberta,11-04-2020,69,1569
78,Alberta,12-04-2020,82,1651
79,Alberta,13-04-2020,81,1732
80,Alberta,14-04-2020,138,1870
81,Alberta,15-04-2020,126,1996
82,Alberta,16-04-2020,162,2158
83,Alberta,17-04-2020,239,2397
84,Alberta,18-04-2020,165,2562
85,Alberta,19-04-2020,241,2803
86,Alberta,20-04-2020,105,2908
87,Alberta,21-04-2020,187,3095
88,Alberta,22-04-2020,306,3401
89,Alberta,23-04-2020,319,3720
90,Alberta,24-04-2020,297,4017
91,Alberta,25-04-2020,215,4232
92,Alberta,26-04-2020,243,4475
93,Alberta,27-04-2020,216,4691
94,Alberta,28-04-2020,159,4850
95,Alberta,29-04-2020,315,5165
96,Alberta,30-04-2020,190,5355
97,Alberta,01-05-2020,218,5573
98,Alberta,02-05-2020,96,5669
99,Alberta,03-05-2020,93,5762
100,Alberta,04-05-2020,74,5836
101,Alberta,05-05-2020,57,5893
102,Alberta,06-05-2020,70,5963
103,Alberta,07-05-2020,54,6017
104,Alberta,08-05-2020,81,6098
105,Alberta,09-05-2020,59,6157
106,Alberta,10-05-2020,96,6253
107,Alberta,11-05-2020,47,6300
108,Alberta,12-05-2020,45,6345
109,Alberta,13-05-2020,62,6407
110,Alberta,14-05-2020,50,6457
111,Alberta,15-05-2020,57,6514
112,Alberta,16-05-2020,72,6586
113,Alberta,17-05-2020,57,6643
114,Alberta,18-05-2020,39,6682
115,Alberta,19-05-2020,33,6715
116,Alberta,20-05-2020,19,6734
117,Alberta,21-05-2020,33,6767
118,Alberta,22-05-2020,32,6799
119,Alberta,23-05-2020,18,6817
120,Alberta,24-05-2020,42,6859
121,Alberta,25-05-2020,19,6878
122,Alberta,26-05-2020,22,6900
123,Alberta,27-05-2020,25,6925
124,Alberta,28-05-2020,29,6954
125,Alberta,29-05-2020,24,6978
126,Alberta,30-05-2020,14,6992
127,Alberta,31-05-2020,18,7010
128,Alberta,01-06-2020,34,7044
129,Alberta,02-06-2020,13,7057
130,Alberta,03-06-2020,19,7076
131,Alberta,04-06-2020,15,7091
132,Alberta,05-06-2020,7,7098
133,Alberta,06-06-2020,40,7138
134,Alberta,07-06-2020,0,7138
135,Alberta,08-06-2020,64,7202
136,Alberta,09-06-2020,27,7229
137,Alberta,10-06-2020,47,7276
138,Alberta,11-06-2020,40,7316
139,Alberta,12-06-2020,30,7346
140,Alberta,13-06-2020,37,7383
141,Alberta,14-06-2020,50,7433
142,Alberta,15-06-2020,14,7447
143,Alberta,16-06-2020,35,7482
144,Alberta,17-06-2020,48,7530
145,Alberta,18-06-2020,49,7579
146,Alberta,19-06-2020,46,7625
147,Alberta,20-06-2020,48,7673
148,Alberta,21-06-2020,31,7704
149,Alberta,22-06-2020,32,7736
150,Alberta,23-06-2020,45,7781
151,Alberta,24-06-2020,44,7825
152,Alberta,25-06-2020,26,7851
153,Alberta,26-06-2020,37,7888
154,Alberta,27-06-2020,69,7957
155,Alberta,28-06-2020,39,7996
156,Alberta,29-06-2020,71,8067
157,Alberta,30-06-2020,41,8108
158,Alberta,01-07-2020,0,8108
159,Alberta,02-07-2020,94,8202
160,Alberta,03-07-2020,57,8259
161,Alberta,04-07-2020,0,8259
162,Alberta,05-07-2020,0,8259
163,Alberta,06-07-2020,130,8389
164,Alberta,07-07-2020,47,8436
165,Alberta,08-07-2020,46,8482
166,Alberta,09-07-2020,37,8519
167,Alberta,10-07-2020,77,8596
168,Alberta,11-07-2020,0,8596
169,Alberta,12-07-2020,0,8596
170,Alberta,13-07-2020,230,8826
171,Alberta,14-07-2020,86,8912
172,Alberta,15-07-2020,82,8994
173,Alberta,16-07-2020,120,9114
174,Alberta,17-07-2020,105,9219
175,Alberta,18-07-2020,0,9219
176,Alberta,19-07-2020,0,9219
177,Alberta,20-07-2020,368,9587
178,Alberta,21-07-2020,141,9728
179,Alberta,22-07-2020,133,9861
180,Alberta,23-07-2020,112,9973
181,Alberta,24-07-2020,111,10084
182,Alberta,25-07-2020,0,10084
183,Alberta,26-07-2020,0,10084
184,Alberta,27-07-2020,303,10387
185,Alberta,28-07-2020,79,10466
186,Alberta,29-07-2020,133,10599
187,Alberta,30-07-2020,113,10712
188,Alberta,31-07-2020,127,10839
189,Alberta,01-08-2020,0,10839
190,Alberta,02-08-2020,0,10839
191,Alberta,03-08-2020,0,10839
192,Alberta,04-08-2020,305,11144
193,Alberta,05-08-2020,94,11238
194,Alberta,06-08-2020,56,11294
195,Alberta,07-08-2020,136,11430
196,Alberta,08-08-2020,0,11430
197,Alberta,09-08-2020,0,11430
198,Alberta,10-08-2020,257,11687
199,Alberta,11-08-2020,85,11772
200,Alberta,12-08-2020,121,11893
201,Alberta,13-08-2020,76,11969
202,Alberta,14-08-2020,84,12053
203,Alberta,15-08-2020,0,12053
204,Alberta,16-08-2020,0,12053
205,Alberta,17-08-2020,277,12330
206,Alberta,18-08-2020,89,12419
207,Alberta,19-08-2020,82,12501
208,Alberta,20-08-2020,103,12604
209,Alberta,21-08-2020,144,12748
210,Alberta,22-08-2020,0,12748
211,Alberta,23-08-2020,0,12748
212,Alberta,24-08-2020,258,13006
213,Alberta,25-08-2020,77,13083
214,Alberta,26-08-2020,127,13210
215,Alberta,27-08-2020,108,13318
216,Alberta,28-08-2020,158,13476
217,Alberta,29-08-2020,0,13476
218,Alberta,30-08-2020,0,13476
219,BC,25-01-2020,0,0
220,BC,26-01-2020,0,0
221,BC,27-01-2020,0,0
222,BC,28-01-2020,1,1
223,BC,29-01-2020,0,1
224,BC,30-01-2020,0,1
225,BC,31-01-2020,0,1
226,BC,01-02-2020,0,1
227,BC,02-02-2020,0,1
228,BC,03-02-2020,0,1
229,BC,04-02-2020,1,2
230,BC,05-02-2020,0,2
231,BC,06-02-2020,2,4
232,BC,07-02-2020,0,4
233,BC,08-02-2020,0,4
234,BC,09-02-2020,0,4
235,BC,10-02-2020,0,4
236,BC,11-02-2020,0,4
237,BC,12-02-2020,0,4
238,BC,13-02-2020,0,4
239,BC,14-02-2020,1,5
240,BC,15-02-2020,0,5
241,BC,16-02-2020,0,5
242,BC,17-02-2020,0,5
243,BC,18-02-2020,0,5
244,BC,19-02-2020,0,5
245,BC,20-02-2020,1,6
246,BC,21-02-2020,0,6
247,BC,22-02-2020,0,6
248,BC,23-02-2020,0,6
249,BC,24-02-2020,1,7
250,BC,25-02-2020,0,7
251,BC,26-02-2020,0,7
252,BC,27-02-2020,0,7
253,BC,28-02-2020,0,7
254,BC,29-02-2020,1,8
255,BC,01-03-2020,0,8
256,BC,02-03-2020,0,8
257,BC,03-03-2020,4,12
258,BC,04-03-2020,1,13
259,BC,05-03-2020,8,21
260,BC,06-03-2020,0,21
261,BC,07-03-2020,6,27
262,BC,08-03-2020,0,27
263,BC,09-03-2020,5,32
264,BC,10-03-2020,7,39
265,BC,11-03-2020,7,46
266,BC,12-03-2020,7,53
267,BC,13-03-2020,11,64
268,BC,14-03-2020,9,73
269,BC,15-03-2020,0,73
270,BC,16-03-2020,30,103
271,BC,17-03-2020,83,186
272,BC,18-03-2020,45,231
273,BC,19-03-2020,40,271
274,BC,20-03-2020,77,348
275,BC,21-03-2020,76,424
276,BC,22-03-2020,0,424
277,BC,23-03-2020,48,472
278,BC,24-03-2020,145,617
279,BC,25-03-2020,42,659
280,BC,26-03-2020,66,725
281,BC,27-03-2020,67,792
282,BC,28-03-2020,92,884
283,BC,29-03-2020,0,884
284,BC,30-03-2020,86,970
285,BC,31-03-2020,43,1013
286,BC,01-04-2020,53,1066
287,BC,02-04-2020,55,1121
288,BC,03-04-2020,53,1174
289,BC,04-04-2020,29,1203
290,BC,05-04-2020,0,1203
291,BC,06-04-2020,63,1266
292,BC,07-04-2020,25,1291
293,BC,08-04-2020,45,1336
294,BC,09-04-2020,34,1370
295,BC,10-04-2020,40,1410
296,BC,11-04-2020,35,1445
297,BC,12-04-2020,0,1445
298,BC,13-04-2020,45,1490
299,BC,14-04-2020,27,1517
300,BC,15-04-2020,44,1561
301,BC,16-04-2020,14,1575
302,BC,17-04-2020,43,1618
303,BC,18-04-2020,29,1647
304,BC,19-04-2020,0,1647
305,BC,20-04-2020,52,1699
306,BC,21-04-2020,25,1724
307,BC,22-04-2020,71,1795
308,BC,23-04-2020,29,1824
309,BC,24-04-2020,29,1853
310,BC,25-04-2020,95,1948
311,BC,26-04-2020,0,1948
312,BC,27-04-2020,50,1998
313,BC,28-04-2020,55,2053
314,BC,29-04-2020,34,2087
315,BC,30-04-2020,24,2111
316,BC,01-05-2020,33,2144
317,BC,02-05-2020,26,2170
318,BC,03-05-2020,0,2170
319,BC,04-05-2020,53,2223
320,BC,05-05-2020,8,2231
321,BC,06-05-2020,23,2254
322,BC,07-05-2020,31,2285
323,BC,08-05-2020,29,2314
324,BC,09-05-2020,15,2329
325,BC,10-05-2020,0,2329
326,BC,11-05-2020,23,2352
327,BC,12-05-2020,7,2359
328,BC,13-05-2020,17,2376
329,BC,14-05-2020,15,2391
330,BC,15-05-2020,15,2406
331,BC,16-05-2020,21,2427
332,BC,17-05-2020,0,2427
333,BC,18-05-2020,16,2443
334,BC,19-05-2020,2,2445
335,BC,20-05-2020,21,2466
336,BC,21-05-2020,12,2478
337,BC,22-05-2020,28,2506
338,BC,23-05-2020,10,2516
339,BC,24-05-2020,0,2516
340,BC,25-05-2020,13,2529
341,BC,26-05-2020,11,2540
342,BC,27-05-2020,8,2548
343,BC,28-05-2020,9,2557
344,BC,29-05-2020,4,2561
345,BC,30-05-2020,11,2572
346,BC,31-05-2020,0,2572
347,BC,01-06-2020,24,2596
348,BC,02-06-2020,4,2600
349,BC,03-06-2020,21,2621
350,BC,04-06-2020,6,2627
351,BC,05-06-2020,1,2628
352,BC,06-06-2020,0,2628
353,BC,07-06-2020,0,2628
354,BC,08-06-2020,28,2656
355,BC,09-06-2020,10,2666
356,BC,10-06-2020,12,2678
357,BC,11-06-2020,14,2692
358,BC,12-06-2020,16,2708
359,BC,13-06-2020,0,2708
360,BC,14-06-2020,0,2708
361,BC,15-06-2020,36,2744
362,BC,16-06-2020,11,2755
363,BC,17-06-2020,19,2774
364,BC,18-06-2020,7,2781
365,BC,19-06-2020,7,2788
366,BC,20-06-2020,0,2788
367,BC,21-06-2020,0,2788
368,BC,22-06-2020,31,2819
369,BC,23-06-2020,13,2832
370,BC,24-06-2020,14,2846
371,BC,25-06-2020,19,2865
372,BC,26-06-2020,10,2875
373,BC,27-06-2020,0,2875
374,BC,28-06-2020,0,2875
375,BC,29-06-2020,24,2899
376,BC,30-06-2020,11,2910
377,BC,01-07-2020,0,2910
378,BC,02-07-2020,24,2934
379,BC,03-07-2020,13,2947
380,BC,04-07-2020,0,2947
381,BC,05-07-2020,0,2947
382,BC,06-07-2020,31,2978
383,BC,07-07-2020,12,2990
384,BC,08-07-2020,18,3008
385,BC,09-07-2020,20,3028
386,BC,10-07-2020,25,3053
387,BC,11-07-2020,0,3053
388,BC,12-07-2020,0,3053
389,BC,13-07-2020,62,3115
390,BC,14-07-2020,13,3128
391,BC,15-07-2020,21,3149
392,BC,16-07-2020,21,3170
393,BC,17-07-2020,27,3197
394,BC,18-07-2020,0,3197
395,BC,19-07-2020,0,3197
396,BC,20-07-2020,99,3296
397,BC,21-07-2020,31,3327
398,BC,22-07-2020,34,3361
399,BC,23-07-2020,30,3391
400,BC,24-07-2020,27,3418
401,BC,25-07-2020,0,3418
402,BC,26-07-2020,0,3418
403,BC,27-07-2020,80,3498
404,BC,28-07-2020,23,3521
405,BC,29-07-2020,41,3562
406,BC,30-07-2020,29,3591
407,BC,31-07-2020,51,3642
408,BC,01-08-2020,0,3642
409,BC,02-08-2020,0,3642
410,BC,03-08-2020,1,3643
411,BC,04-08-2020,145,3788
412,BC,05-08-2020,46,3834
413,BC,06-08-2020,47,3881
414,BC,07-08-2020,52,3933
415,BC,08-08-2020,0,3933
416,BC,09-08-2020,0,3933
417,BC,10-08-2020,130,4063
418,BC,11-08-2020,45,4108
419,BC,12-08-2020,86,4194
420,BC,13-08-2020,86,4280
421,BC,14-08-2020,75,4355
422,BC,15-08-2020,0,4355
423,BC,16-08-2020,0,4355
424,BC,17-08-2020,239,4594
425,BC,18-08-2020,83,4677
426,BC,19-08-2020,68,4745
427,BC,20-08-2020,80,4825
428,BC,21-08-2020,89,4914
429,BC,22-08-2020,1,4915
430,BC,23-08-2020,0,4915
431,BC,24-08-2020,269,5184
432,BC,25-08-2020,58,5242
433,BC,26-08-2020,62,5304
434,BC,27-08-2020,68,5372
435,BC,28-08-2020,124,5496
436,BC,29-08-2020,0,5496
437,BC,30-08-2020,0,5496
438,Manitoba,25-01-2020,0,0
439,Manitoba,26-01-2020,0,0
440,Manitoba,27-01-2020,0,0
441,Manitoba,28-01-2020,0,0
442,Manitoba,29-01-2020,0,0
443,Manitoba,30-01-2020,0,0
444,Manitoba,31-01-2020,0,0
445,Manitoba,01-02-2020,0,0
446,Manitoba,02-02-2020,0,0
447,Manitoba,03-02-2020,0,0
448,Manitoba,04-02-2020,0,0
449,Manitoba,05-02-2020,0,0
450,Manitoba,06-02-2020,0,0
451,Manitoba,07-02-2020,0,0
452,Manitoba,08-02-2020,0,0
453,Manitoba,09-02-2020,0,0
454,Manitoba,10-02-2020,0,0
455,Manitoba,11-02-2020,0,0
456,Manitoba,12-02-2020,0,0
457,Manitoba,13-02-2020,0,0
458,Manitoba,14-02-2020,0,0
459,Manitoba,15-02-2020,0,0
460,Manitoba,16-02-2020,0,0
461,Manitoba,17-02-2020,0,0
462,Manitoba,18-02-2020,0,0
463,Manitoba,19-02-2020,0,0
464,Manitoba,20-02-2020,0,0
465,Manitoba,21-02-2020,0,0
466,Manitoba,22-02-2020,0,0
467,Manitoba,23-02-2020,0,0
468,Manitoba,24-02-2020,0,0
469,Manitoba,25-02-2020,0,0
470,Manitoba,26-02-2020,0,0
471,Manitoba,27-02-2020,0,0
472,Manitoba,28-02-2020,0,0
473,Manitoba,29-02-2020,0,0
474,Manitoba,01-03-2020,0,0
475,Manitoba,02-03-2020,0,0
476,Manitoba,03-03-2020,0,0
477,Manitoba,04-03-2020,0,0
478,Manitoba,05-03-2020,0,0
479,Manitoba,06-03-2020,0,0
480,Manitoba,07-03-2020,0,0
481,Manitoba,08-03-2020,0,0
482,Manitoba,09-03-2020,0,0
483,Manitoba,10-03-2020,0,0
484,Manitoba,11-03-2020,0,0
485,Manitoba,12-03-2020,1,1
486,Manitoba,13-03-2020,3,4
487,Manitoba,14-03-2020,0,4
488,Manitoba,15-03-2020,3,7
489,Manitoba,16-03-2020,1,8
490,Manitoba,17-03-2020,7,15
491,Manitoba,18-03-2020,2,17
492,Manitoba,19-03-2020,0,17
493,Manitoba,20-03-2020,0,17
494,Manitoba,21-03-2020,2,19
495,Manitoba,22-03-2020,0,19
496,Manitoba,23-03-2020,1,20
497,Manitoba,24-03-2020,1,21
498,Manitoba,25-03-2020,14,35
499,Manitoba,26-03-2020,1,36
500,Manitoba,27-03-2020,3,39
501,Manitoba,28-03-2020,25,64
502,Manitoba,29-03-2020,8,72
503,Manitoba,30-03-2020,24,96
504,Manitoba,31-03-2020,7,103
505,Manitoba,01-04-2020,24,127
506,Manitoba,02-04-2020,40,167
507,Manitoba,03-04-2020,15,182
508,Manitoba,04-04-2020,12,194
509,Manitoba,05-04-2020,9,203
510,Manitoba,06-04-2020,1,204
511,Manitoba,07-04-2020,13,217
512,Manitoba,08-04-2020,4,221
513,Manitoba,09-04-2020,3,224
514,Manitoba,10-04-2020,6,230
515,Manitoba,11-04-2020,12,242
516,Manitoba,12-04-2020,0,242
517,Manitoba,13-04-2020,2,244
518,Manitoba,14-04-2020,0,244
519,Manitoba,15-04-2020,2,246
520,Manitoba,16-04-2020,4,250
521,Manitoba,17-04-2020,0,250
522,Manitoba,18-04-2020,3,253
523,Manitoba,19-04-2020,0,253
524,Manitoba,20-04-2020,1,254
525,Manitoba,21-04-2020,1,255
526,Manitoba,22-04-2020,2,257
527,Manitoba,23-04-2020,5,262
528,Manitoba,24-04-2020,1,263
529,Manitoba,25-04-2020,4,267
530,Manitoba,26-04-2020,4,271
531,Manitoba,27-04-2020,1,272
532,Manitoba,28-04-2020,0,272
533,Manitoba,29-04-2020,1,273
534,Manitoba,30-04-2020,2,275
535,Manitoba,01-05-2020,4,279
536,Manitoba,02-05-2020,0,279
537,Manitoba,03-05-2020,1,280
538,Manitoba,04-05-2020,0,280
539,Manitoba,05-05-2020,1,281
540,Manitoba,06-05-2020,2,283
541,Manitoba,07-05-2020,0,283
542,Manitoba,08-05-2020,1,284
543,Manitoba,09-05-2020,0,284
544,Manitoba,10-05-2020,3,287
545,Manitoba,11-05-2020,2,289
546,Manitoba,12-05-2020,0,289
547,Manitoba,13-05-2020,0,289
548,Manitoba,14-05-2020,0,289
549,Manitoba,15-05-2020,0,289
550,Manitoba,16-05-2020,0,289
551,Manitoba,17-05-2020,0,289
552,Manitoba,18-05-2020,1,290
553,Manitoba,19-05-2020,0,290
554,Manitoba,20-05-2020,0,290
555,Manitoba,21-05-2020,0,290
556,Manitoba,22-05-2020,2,292
557,Manitoba,23-05-2020,0,292
558,Manitoba,24-05-2020,0,292
559,Manitoba,25-05-2020,0,292
560,Manitoba,26-05-2020,0,292
561,Manitoba,27-05-2020,0,292
562,Manitoba,28-05-2020,2,294
563,Manitoba,29-05-2020,0,294
564,Manitoba,30-05-2020,0,294
565,Manitoba,31-05-2020,1,295
566,Manitoba,01-06-2020,0,295
567,Manitoba,02-06-2020,2,297
568,Manitoba,03-06-2020,1,298
569,Manitoba,04-06-2020,0,298
570,Manitoba,05-06-2020,2,300
571,Manitoba,06-06-2020,0,300
572,Manitoba,07-06-2020,0,300
573,Manitoba,08-06-2020,0,300
574,Manitoba,09-06-2020,0,300
575,Manitoba,10-06-2020,0,300
576,Manitoba,11-06-2020,0,300
577,Manitoba,12-06-2020,1,301
578,Manitoba,13-06-2020,2,303
579,Manitoba,14-06-2020,1,304
580,Manitoba,15-06-2020,0,304
581,Manitoba,16-06-2020,0,304
582,Manitoba,17-06-2020,2,306
583,Manitoba,18-06-2020,2,308
584,Manitoba,19-06-2020,3,311
585,Manitoba,20-06-2020,2,313
586,Manitoba,21-06-2020,0,313
587,Manitoba,22-06-2020,1,314
588,Manitoba,23-06-2020,0,314
589,Manitoba,24-06-2020,1,315
590,Manitoba,25-06-2020,1,316
591,Manitoba,26-06-2020,2,318
592,Manitoba,27-06-2020,4,322
593,Manitoba,28-06-2020,0,322
594,Manitoba,29-06-2020,2,324
595,Manitoba,30-06-2020,1,325
596,Manitoba,01-07-2020,0,325
597,Manitoba,02-07-2020,0,325
598,Manitoba,03-07-2020,0,325
599,Manitoba,04-07-2020,0,325
600,Manitoba,05-07-2020,0,325
601,Manitoba,06-07-2020,0,325
602,Manitoba,07-07-2020,0,325
603,Manitoba,08-07-2020,0,325
604,Manitoba,09-07-2020,0,325
605,Manitoba,10-07-2020,0,325
606,Manitoba,11-07-2020,0,325
607,Manitoba,12-07-2020,0,325
608,Manitoba,13-07-2020,0,325
609,Manitoba,14-07-2020,5,330
610,Manitoba,15-07-2020,0,330
611,Manitoba,16-07-2020,1,331
612,Manitoba,17-07-2020,5,336
613,Manitoba,18-07-2020,0,336
614,Manitoba,19-07-2020,0,336
615,Manitoba,20-07-2020,18,354
616,Manitoba,21-07-2020,12,366
617,Manitoba,22-07-2020,8,374
618,Manitoba,23-07-2020,1,375
619,Manitoba,24-07-2020,9,384
620,Manitoba,25-07-2020,0,384
621,Manitoba,26-07-2020,0,384
622,Manitoba,27-07-2020,15,399
623,Manitoba,28-07-2020,5,404
624,Manitoba,29-07-2020,3,407
625,Manitoba,30-07-2020,2,409
626,Manitoba,31-07-2020,6,415
627,Manitoba,01-08-2020,0,415
628,Manitoba,02-08-2020,0,415
629,Manitoba,03-08-2020,0,415
630,Manitoba,04-08-2020,27,442
631,Manitoba,05-08-2020,2,444
632,Manitoba,06-08-2020,30,474
633,Manitoba,07-08-2020,17,491
634,Manitoba,08-08-2020,16,507
635,Manitoba,09-08-2020,35,542
636,Manitoba,10-08-2020,16,558
637,Manitoba,11-08-2020,4,562
638,Manitoba,12-08-2020,16,578
639,Manitoba,13-08-2020,25,603
640,Manitoba,14-08-2020,40,643
641,Manitoba,15-08-2020,17,660
642,Manitoba,16-08-2020,36,696
643,Manitoba,17-08-2020,34,730
644,Manitoba,18-08-2020,17,747
645,Manitoba,19-08-2020,15,762
646,Manitoba,20-08-2020,33,795
647,Manitoba,21-08-2020,34,829
648,Manitoba,22-08-2020,42,871
649,Manitoba,23-08-2020,72,943
650,Manitoba,24-08-2020,49,992
651,Manitoba,25-08-2020,25,1017
652,Manitoba,26-08-2020,25,1042
653,Manitoba,27-08-2020,22,1064
654,Manitoba,28-08-2020,32,1096
655,Manitoba,29-08-2020,55,1151
656,Manitoba,30-08-2020,35,1186
657,New Brunswick,25-01-2020,0,0
658,New Brunswick,26-01-2020,0,0
659,New Brunswick,27-01-2020,0,0
660,New Brunswick,28-01-2020,0,0
661,New Brunswick,29-01-2020,0,0
662,New Brunswick,30-01-2020,0,0
663,New Brunswick,31-01-2020,0,0
664,New Brunswick,01-02-2020,0,0
665,New Brunswick,02-02-2020,0,0
666,New Brunswick,03-02-2020,0,0
667,New Brunswick,04-02-2020,0,0
668,New Brunswick,05-02-2020,0,0
669,New Brunswick,06-02-2020,0,0
670,New Brunswick,07-02-2020,0,0
671,New Brunswick,08-02-2020,0,0
672,New Brunswick,09-02-2020,0,0
673,New Brunswick,10-02-2020,0,0
674,New Brunswick,11-02-2020,0,0
675,New Brunswick,12-02-2020,0,0
676,New Brunswick,13-02-2020,0,0
677,New Brunswick,14-02-2020,0,0
678,New Brunswick,15-02-2020,0,0
679,New Brunswick,16-02-2020,0,0
680,New Brunswick,17-02-2020,0,0
681,New Brunswick,18-02-2020,0,0
682,New Brunswick,19-02-2020,0,0
683,New Brunswick,20-02-2020,0,0
684,New Brunswick,21-02-2020,0,0
685,New Brunswick,22-02-2020,0,0
686,New Brunswick,23-02-2020,0,0
687,New Brunswick,24-02-2020,0,0
688,New Brunswick,25-02-2020,0,0
689,New Brunswick,26-02-2020,0,0
690,New Brunswick,27-02-2020,0,0
691,New Brunswick,28-02-2020,0,0
692,New Brunswick,29-02-2020,0,0
693,New Brunswick,01-03-2020,0,0
694,New Brunswick,02-03-2020,0,0
695,New Brunswick,03-03-2020,0,0
696,New Brunswick,04-03-2020,0,0
697,New Brunswick,05-03-2020,0,0
698,New Brunswick,06-03-2020,0,0
699,New Brunswick,07-03-2020,0,0
700,New Brunswick,08-03-2020,0,0
701,New Brunswick,09-03-2020,0,0
702,New Brunswick,10-03-2020,0,0
703,New Brunswick,11-03-2020,0,0
704,New Brunswick,12-03-2020,1,1
705,New Brunswick,13-03-2020,0,1
706,New Brunswick,14-03-2020,1,2
707,New Brunswick,15-03-2020,4,6
708,New Brunswick,16-03-2020,1,7
709,New Brunswick,17-03-2020,1,8
710,New Brunswick,18-03-2020,3,11
711,New Brunswick,19-03-2020,0,11
712,New Brunswick,20-03-2020,0,11
713,New Brunswick,21-03-2020,6,17
714,New Brunswick,22-03-2020,0,17
715,New Brunswick,23-03-2020,0,17
716,New Brunswick,24-03-2020,1,18
717,New Brunswick,25-03-2020,8,26
718,New Brunswick,26-03-2020,7,33
719,New Brunswick,27-03-2020,12,45
720,New Brunswick,28-03-2020,6,51
721,New Brunswick,29-03-2020,15,66
722,New Brunswick,30-03-2020,2,68
723,New Brunswick,31-03-2020,2,70
724,New Brunswick,01-04-2020,11,81
725,New Brunswick,02-04-2020,10,91
726,New Brunswick,03-04-2020,4,95
727,New Brunswick,04-04-2020,3,98
728,New Brunswick,05-04-2020,3,101
729,New Brunswick,06-04-2020,2,103
730,New Brunswick,07-04-2020,2,105
731,New Brunswick,08-04-2020,3,108
732,New Brunswick,09-04-2020,3,111
733,New Brunswick,10-04-2020,1,112
734,New Brunswick,11-04-2020,0,112
735,New Brunswick,12-04-2020,2,114
736,New Brunswick,13-04-2020,2,116
737,New Brunswick,14-04-2020,0,116
738,New Brunswick,15-04-2020,1,117
739,New Brunswick,16-04-2020,0,117
740,New Brunswick,17-04-2020,0,117
741,New Brunswick,18-04-2020,1,118
742,New Brunswick,19-04-2020,0,118
743,New Brunswick,20-04-2020,0,118
744,New Brunswick,21-04-2020,0,118
745,New Brunswick,22-04-2020,0,118
746,New Brunswick,23-04-2020,0,118
747,New Brunswick,24-04-2020,0,118
748,New Brunswick,25-04-2020,0,118
749,New Brunswick,26-04-2020,0,118
750,New Brunswick,27-04-2020,0,118
751,New Brunswick,28-04-2020,0,118
752,New Brunswick,29-04-2020,0,118
753,New Brunswick,30-04-2020,0,118
754,New Brunswick,01-05-2020,0,118
755,New Brunswick,02-05-2020,0,118
756,New Brunswick,03-05-2020,0,118
757,New Brunswick,04-05-2020,0,118
758,New Brunswick,05-05-2020,1,119
759,New Brunswick,06-05-2020,1,120
760,New Brunswick,07-05-2020,0,120
761,New Brunswick,08-05-2020,0,120
762,New Brunswick,09-05-2020,0,120
763,New Brunswick,10-05-2020,0,120
764,New Brunswick,11-05-2020,0,120
765,New Brunswick,12-05-2020,0,120
766,New Brunswick,13-05-2020,0,120
767,New Brunswick,14-05-2020,0,120
768,New Brunswick,15-05-2020,0,120
769,New Brunswick,16-05-2020,0,120
770,New Brunswick,17-05-2020,0,120
771,New Brunswick,18-05-2020,0,120
772,New Brunswick,19-05-2020,0,120
773,New Brunswick,20-05-2020,0,120
774,New Brunswick,21-05-2020,1,121
775,New Brunswick,22-05-2020,0,121
776,New Brunswick,23-05-2020,0,121
777,New Brunswick,24-05-2020,0,121
778,New Brunswick,25-05-2020,0,121
779,New Brunswick,26-05-2020,1,122
780,New Brunswick,27-05-2020,1,123
781,New Brunswick,28-05-2020,3,126
782,New Brunswick,29-05-2020,2,128
783,New Brunswick,30-05-2020,1,129
784,New Brunswick,31-05-2020,3,132
785,New Brunswick,01-06-2020,0,132
786,New Brunswick,02-06-2020,1,133
787,New Brunswick,03-06-2020,2,135
788,New Brunswick,04-06-2020,1,136
789,New Brunswick,05-06-2020,0,136
790,New Brunswick,06-06-2020,0,136
791,New Brunswick,07-06-2020,1,137
792,New Brunswick,08-06-2020,9,146
793,New Brunswick,09-06-2020,1,147
794,New Brunswick,10-06-2020,4,151
795,New Brunswick,11-06-2020,2,153
796,New Brunswick,12-06-2020,1,154
797,New Brunswick,13-06-2020,3,157
798,New Brunswick,14-06-2020,0,157
799,New Brunswick,15-06-2020,3,160
800,New Brunswick,16-06-2020,3,163
801,New Brunswick,17-06-2020,0,163
802,New Brunswick,18-06-2020,0,163
803,New Brunswick,19-06-2020,0,163
804,New Brunswick,20-06-2020,1,164
805,New Brunswick,21-06-2020,0,164
806,New Brunswick,22-06-2020,0,164
807,New Brunswick,23-06-2020,1,165
808,New Brunswick,24-06-2020,0,165
809,New Brunswick,25-06-2020,0,165
810,New Brunswick,26-06-2020,0,165
811,New Brunswick,27-06-2020,0,165
812,New Brunswick,28-06-2020,0,165
813,New Brunswick,29-06-2020,0,165
814,New Brunswick,30-06-2020,0,165
815,New Brunswick,01-07-2020,0,165
816,New Brunswick,02-07-2020,0,165
817,New Brunswick,03-07-2020,0,165
818,New Brunswick,04-07-2020,0,165
819,New Brunswick,05-07-2020,0,165
820,New Brunswick,06-07-2020,0,165
821,New Brunswick,07-07-2020,0,165
822,New Brunswick,08-07-2020,0,165
823,New Brunswick,09-07-2020,1,166
824,New Brunswick,10-07-2020,0,166
825,New Brunswick,11-07-2020,0,166
826,New Brunswick,12-07-2020,0,166
827,New Brunswick,13-07-2020,0,166
828,New Brunswick,14-07-2020,1,167
829,New Brunswick,15-07-2020,1,168
830,New Brunswick,16-07-2020,0,168
831,New Brunswick,17-07-2020,0,168
832,New Brunswick,18-07-2020,0,168
833,New Brunswick,19-07-2020,1,169
834,New Brunswick,20-07-2020,1,170
835,New Brunswick,21-07-2020,0,170
836,New Brunswick,22-07-2020,0,170
837,New Brunswick,23-07-2020,0,170
838,New Brunswick,24-07-2020,0,170
839,New Brunswick,25-07-2020,0,170
840,New Brunswick,26-07-2020,0,170
841,New Brunswick,27-07-2020,0,170
842,New Brunswick,28-07-2020,0,170
843,New Brunswick,29-07-2020,0,170
844,New Brunswick,30-07-2020,0,170
845,New Brunswick,31-07-2020,0,170
846,New Brunswick,01-08-2020,0,170
847,New Brunswick,02-08-2020,0,170
848,New Brunswick,03-08-2020,0,170
849,New Brunswick,04-08-2020,0,170
850,New Brunswick,05-08-2020,4,174
851,New Brunswick,06-08-2020,2,176
852,New Brunswick,07-08-2020,0,176
853,New Brunswick,08-08-2020,0,176
854,New Brunswick,09-08-2020,0,176
855,New Brunswick,10-08-2020,0,176
856,New Brunswick,11-08-2020,1,177
857,New Brunswick,12-08-2020,1,178
858,New Brunswick,13-08-2020,2,180
859,New Brunswick,14-08-2020,0,180
860,New Brunswick,15-08-2020,4,184
861,New Brunswick,16-08-2020,2,186
862,New Brunswick,17-08-2020,0,186
863,New Brunswick,18-08-2020,0,186
864,New Brunswick,19-08-2020,0,186
865,New Brunswick,20-08-2020,0,186
866,New Brunswick,21-08-2020,2,188
867,New Brunswick,22-08-2020,0,188
868,New Brunswick,23-08-2020,1,189
869,New Brunswick,24-08-2020,0,189
870,New Brunswick,25-08-2020,1,190
871,New Brunswick,26-08-2020,0,190
872,New Brunswick,27-08-2020,0,190
873,New Brunswick,28-08-2020,1,191
874,New Brunswick,29-08-2020,0,191
875,New Brunswick,30-08-2020,0,191
876,NL,25-01-2020,0,0
877,NL,26-01-2020,0,0
878,NL,27-01-2020,0,0
879,NL,28-01-2020,0,0
880,NL,29-01-2020,0,0
881,NL,30-01-2020,0,0
882,NL,31-01-2020,0,0
883,NL,01-02-2020,0,0
884,NL,02-02-2020,0,0
885,NL,03-02-2020,0,0
886,NL,04-02-2020,0,0
887,NL,05-02-2020,0,0
888,NL,06-02-2020,0,0
889,NL,07-02-2020,0,0
890,NL,08-02-2020,0,0
891,NL,09-02-2020,0,0
892,NL,10-02-2020,0,0
893,NL,11-02-2020,0,0
894,NL,12-02-2020,0,0
895,NL,13-02-2020,0,0
896,NL,14-02-2020,0,0
897,NL,15-02-2020,0,0
898,NL,16-02-2020,0,0
899,NL,17-02-2020,0,0
900,NL,18-02-2020,0,0
901,NL,19-02-2020,0,0
902,NL,20-02-2020,0,0
903,NL,21-02-2020,0,0
904,NL,22-02-2020,0,0
905,NL,23-02-2020,0,0
906,NL,24-02-2020,0,0
907,NL,25-02-2020,0,0
908,NL,26-02-2020,0,0
909,NL,27-02-2020,0,0
910,NL,28-02-2020,0,0
911,NL,29-02-2020,0,0
912,NL,01-03-2020,0,0
913,NL,02-03-2020,0,0
914,NL,03-03-2020,0,0
915,NL,04-03-2020,0,0
916,NL,05-03-2020,0,0
917,NL,06-03-2020,0,0
918,NL,07-03-2020,0,0
919,NL,08-03-2020,0,0
920,NL,09-03-2020,0,0
921,NL,10-03-2020,0,0
922,NL,11-03-2020,0,0
923,NL,12-03-2020,0,0
924,NL,13-03-2020,0,0
925,NL,14-03-2020,1,1
926,NL,15-03-2020,0,1
927,NL,16-03-2020,0,1
928,NL,17-03-2020,2,3
929,NL,18-03-2020,0,3
930,NL,19-03-2020,0,3
931,NL,20-03-2020,1,4
932,NL,21-03-2020,2,6
933,NL,22-03-2020,3,9
934,NL,23-03-2020,15,24
935,NL,24-03-2020,11,35
936,NL,25-03-2020,32,67
937,NL,26-03-2020,15,82
938,NL,27-03-2020,20,102
939,NL,28-03-2020,18,120
940,NL,29-03-2020,15,135
941,NL,30-03-2020,13,148
942,NL,31-03-2020,4,152
943,NL,01-04-2020,23,175
944,NL,02-04-2020,8,183
945,NL,03-04-2020,12,195
946,NL,04-04-2020,8,203
947,NL,05-04-2020,14,217
948,NL,06-04-2020,9,226
949,NL,07-04-2020,2,228
950,NL,08-04-2020,4,232
951,NL,09-04-2020,4,236
952,NL,10-04-2020,3,239
953,NL,11-04-2020,2,241
954,NL,12-04-2020,1,242
955,NL,13-04-2020,2,244
956,NL,14-04-2020,0,244
957,NL,15-04-2020,3,247
958,NL,16-04-2020,5,252
959,NL,17-04-2020,4,256
960,NL,18-04-2020,0,256
961,NL,19-04-2020,0,256
962,NL,20-04-2020,0,256
963,NL,21-04-2020,0,256
964,NL,22-04-2020,0,256
965,NL,23-04-2020,0,256
966,NL,24-04-2020,0,256
967,NL,25-04-2020,1,257
968,NL,26-04-2020,1,258
969,NL,27-04-2020,0,258
970,NL,28-04-2020,0,258
971,NL,29-04-2020,0,258
972,NL,30-04-2020,0,258
973,NL,01-05-2020,1,259
974,NL,02-05-2020,0,259
975,NL,03-05-2020,0,259
976,NL,04-05-2020,0,259
977,NL,05-05-2020,0,259
978,NL,06-05-2020,0,259
979,NL,07-05-2020,1,260
980,NL,08-05-2020,0,260
981,NL,09-05-2020,0,260
982,NL,10-05-2020,0,260
983,NL,11-05-2020,0,260
984,NL,12-05-2020,0,260
985,NL,13-05-2020,0,260
986,NL,14-05-2020,0,260
987,NL,15-05-2020,0,260
988,NL,16-05-2020,0,260
989,NL,17-05-2020,0,260
990,NL,18-05-2020,0,260
991,NL,19-05-2020,0,260
992,NL,20-05-2020,0,260
993,NL,21-05-2020,0,260
994,NL,22-05-2020,0,260
995,NL,23-05-2020,0,260
996,NL,24-05-2020,0,260
997,NL,25-05-2020,0,260
998,NL,26-05-2020,0,260
999,NL,27-05-2020,0,260
1000,NL,28-05-2020,1,261
1001,NL,29-05-2020,0,261
1002,NL,30-05-2020,0,261
1003,NL,31-05-2020,0,261
1004,NL,01-06-2020,0,261
1005,NL,02-06-2020,0,261
1006,NL,03-06-2020,0,261
1007,NL,04-06-2020,0,261
1008,NL,05-06-2020,0,261
1009,NL,06-06-2020,0,261
1010,NL,07-06-2020,0,261
1011,NL,08-06-2020,0,261
1012,NL,09-06-2020,0,261
1013,NL,10-06-2020,0,261
1014,NL,11-06-2020,0,261
1015,NL,12-06-2020,0,261
1016,NL,13-06-2020,0,261
1017,NL,14-06-2020,0,261
1018,NL,15-06-2020,0,261
1019,NL,16-06-2020,0,261
1020,NL,17-06-2020,0,261
1021,NL,18-06-2020,0,261
1022,NL,19-06-2020,0,261
1023,NL,20-06-2020,0,261
1024,NL,21-06-2020,0,261
1025,NL,22-06-2020,0,261
1026,NL,23-06-2020,0,261
1027,NL,24-06-2020,0,261
1028,NL,25-06-2020,0,261
1029,NL,26-06-2020,0,261
1030,NL,27-06-2020,0,261
1031,NL,28-06-2020,0,261
1032,NL,29-06-2020,0,261
1033,NL,30-06-2020,0,261
1034,NL,01-07-2020,0,261
1035,NL,02-07-2020,0,261
1036,NL,03-07-2020,0,261
1037,NL,04-07-2020,0,261
1038,NL,05-07-2020,0,261
1039,NL,06-07-2020,0,261
1040,NL,07-07-2020,0,261
1041,NL,08-07-2020,0,261
1042,NL,09-07-2020,0,261
1043,NL,10-07-2020,1,262
1044,NL,11-07-2020,0,262
1045,NL,12-07-2020,0,262
1046,NL,13-07-2020,0,262
1047,NL,14-07-2020,0,262
1048,NL,15-07-2020,0,262
1049,NL,16-07-2020,0,262
1050,NL,17-07-2020,0,262
1051,NL,18-07-2020,0,262
1052,NL,19-07-2020,0,262
1053,NL,20-07-2020,0,262
1054,NL,21-07-2020,1,263
1055,NL,22-07-2020,1,264
1056,NL,23-07-2020,0,264
1057,NL,24-07-2020,1,265
1058,NL,25-07-2020,0,265
1059,NL,26-07-2020,1,266
1060,NL,27-07-2020,0,266
1061,NL,28-07-2020,0,266
1062,NL,29-07-2020,0,266
1063,NL,30-07-2020,0,266
1064,NL,31-07-2020,0,266
1065,NL,01-08-2020,0,266
1066,NL,02-08-2020,0,266
1067,NL,03-08-2020,0,266
1068,NL,04-08-2020,0,266
1069,NL,05-08-2020,0,266
1070,NL,06-08-2020,0,266
1071,NL,07-08-2020,1,267
1072,NL,08-08-2020,0,267
1073,NL,09-08-2020,0,267
1074,NL,10-08-2020,1,268
1075,NL,11-08-2020,0,268
1076,NL,12-08-2020,0,268
1077,NL,13-08-2020,0,268
1078,NL,14-08-2020,0,268
1079,NL,15-08-2020,0,268
1080,NL,16-08-2020,0,268
1081,NL,17-08-2020,0,268
1082,NL,18-08-2020,0,268
1083,NL,19-08-2020,0,268
1084,NL,20-08-2020,0,268
1085,NL,21-08-2020,0,268
1086,NL,22-08-2020,0,268
1087,NL,23-08-2020,0,268
1088,NL,24-08-2020,0,268
1089,NL,25-08-2020,0,268
1090,NL,26-08-2020,0,268
1091,NL,27-08-2020,0,268
1092,NL,28-08-2020,1,269
1093,NL,29-08-2020,0,269
1094,NL,30-08-2020,0,269
1095,Nova Scotia,25-01-2020,0,0
1096,Nova Scotia,26-01-2020,0,0
1097,Nova Scotia,27-01-2020,0,0
1098,Nova Scotia,28-01-2020,0,0
1099,Nova Scotia,29-01-2020,0,0
1100,Nova Scotia,30-01-2020,0,0
1101,Nova Scotia,31-01-2020,0,0
1102,Nova Scotia,01-02-2020,0,0
1103,Nova Scotia,02-02-2020,0,0
1104,Nova Scotia,03-02-2020,0,0
1105,Nova Scotia,04-02-2020,0,0
1106,Nova Scotia,05-02-2020,0,0
1107,Nova Scotia,06-02-2020,0,0
1108,Nova Scotia,07-02-2020,0,0
1109,Nova Scotia,08-02-2020,0,0
1110,Nova Scotia,09-02-2020,0,0
1111,Nova Scotia,10-02-2020,0,0
1112,Nova Scotia,11-02-2020,0,0
1113,Nova Scotia,12-02-2020,0,0
1114,Nova Scotia,13-02-2020,0,0
1115,Nova Scotia,14-02-2020,0,0
1116,Nova Scotia,15-02-2020,0,0
1117,Nova Scotia,16-02-2020,0,0
1118,Nova Scotia,17-02-2020,0,0
1119,Nova Scotia,18-02-2020,0,0
1120,Nova Scotia,19-02-2020,0,0
1121,Nova Scotia,20-02-2020,0,0
1122,Nova Scotia,21-02-2020,0,0
1123,Nova Scotia,22-02-2020,0,0
1124,Nova Scotia,23-02-2020,0,0
1125,Nova Scotia,24-02-2020,0,0
1126,Nova Scotia,25-02-2020,0,0
1127,Nova Scotia,26-02-2020,0,0
1128,Nova Scotia,27-02-2020,0,0
1129,Nova Scotia,28-02-2020,0,0
1130,Nova Scotia,29-02-2020,0,0
1131,Nova Scotia,01-03-2020,0,0
1132,Nova Scotia,02-03-2020,0,0
1133,Nova Scotia,03-03-2020,0,0
1134,Nova Scotia,04-03-2020,0,0
1135,Nova Scotia,05-03-2020,0,0
1136,Nova Scotia,06-03-2020,0,0
1137,Nova Scotia,07-03-2020,0,0
1138,Nova Scotia,08-03-2020,0,0
1139,Nova Scotia,09-03-2020,0,0
1140,Nova Scotia,10-03-2020,0,0
1141,Nova Scotia,11-03-2020,0,0
1142,Nova Scotia,12-03-2020,0,0
1143,Nova Scotia,13-03-2020,0,0
1144,Nova Scotia,14-03-2020,0,0
1145,Nova Scotia,15-03-2020,3,3
1146,Nova Scotia,16-03-2020,2,5
1147,Nova Scotia,17-03-2020,2,7
1148,Nova Scotia,18-03-2020,5,12
1149,Nova Scotia,19-03-2020,2,14
1150,Nova Scotia,20-03-2020,1,15
1151,Nova Scotia,21-03-2020,6,21
1152,Nova Scotia,22-03-2020,7,28
1153,Nova Scotia,23-03-2020,13,41
1154,Nova Scotia,24-03-2020,10,51
1155,Nova Scotia,25-03-2020,17,68
1156,Nova Scotia,26-03-2020,5,73
1157,Nova Scotia,27-03-2020,17,90
1158,Nova Scotia,28-03-2020,20,110
1159,Nova Scotia,29-03-2020,12,122
1160,Nova Scotia,30-03-2020,5,127
1161,Nova Scotia,31-03-2020,20,147
1162,Nova Scotia,01-04-2020,26,173
1163,Nova Scotia,02-04-2020,20,193
1164,Nova Scotia,03-04-2020,14,207
1165,Nova Scotia,04-04-2020,29,236
1166,Nova Scotia,05-04-2020,26,262
1167,Nova Scotia,06-04-2020,31,293
1168,Nova Scotia,07-04-2020,17,310
1169,Nova Scotia,08-04-2020,32,342
1170,Nova Scotia,09-04-2020,31,373
1171,Nova Scotia,10-04-2020,34,407
1172,Nova Scotia,11-04-2020,21,428
1173,Nova Scotia,12-04-2020,17,445
1174,Nova Scotia,13-04-2020,29,474
1175,Nova Scotia,14-04-2020,43,517
1176,Nova Scotia,15-04-2020,32,549
1177,Nova Scotia,16-04-2020,30,579
1178,Nova Scotia,17-04-2020,27,606
1179,Nova Scotia,18-04-2020,43,649
1180,Nova Scotia,19-04-2020,26,675
1181,Nova Scotia,20-04-2020,46,721
1182,Nova Scotia,21-04-2020,16,737
1183,Nova Scotia,22-04-2020,35,772
1184,Nova Scotia,23-04-2020,55,827
1185,Nova Scotia,24-04-2020,23,850
1186,Nova Scotia,25-04-2020,15,865
1187,Nova Scotia,26-04-2020,8,873
1188,Nova Scotia,27-04-2020,27,900
1189,Nova Scotia,28-04-2020,15,915
1190,Nova Scotia,29-04-2020,20,935
1191,Nova Scotia,30-04-2020,12,947
1192,Nova Scotia,01-05-2020,12,959
1193,Nova Scotia,02-05-2020,4,963
1194,Nova Scotia,03-05-2020,8,971
1195,Nova Scotia,04-05-2020,14,985
1196,Nova Scotia,05-05-2020,6,991
1197,Nova Scotia,06-05-2020,7,998
1198,Nova Scotia,07-05-2020,9,1007
1199,Nova Scotia,08-05-2020,1,1008
1200,Nova Scotia,09-05-2020,3,1011
1201,Nova Scotia,10-05-2020,7,1018
1202,Nova Scotia,11-05-2020,1,1019
1203,Nova Scotia,12-05-2020,1,1020
1204,Nova Scotia,13-05-2020,4,1024
1205,Nova Scotia,14-05-2020,2,1026
1206,Nova Scotia,15-05-2020,8,1034
1207,Nova Scotia,16-05-2020,3,1037
1208,Nova Scotia,17-05-2020,3,1040
1209,Nova Scotia,18-05-2020,3,1043
1210,Nova Scotia,19-05-2020,1,1044
1211,Nova Scotia,20-05-2020,1,1045
1212,Nova Scotia,21-05-2020,1,1046
1213,Nova Scotia,22-05-2020,1,1047
1214,Nova Scotia,23-05-2020,1,1048
1215,Nova Scotia,24-05-2020,1,1049
1216,Nova Scotia,25-05-2020,1,1050
1217,Nova Scotia,26-05-2020,2,1052
1218,Nova Scotia,27-05-2020,1,1053
1219,Nova Scotia,28-05-2020,2,1055
1220,Nova Scotia,29-05-2020,0,1055
1221,Nova Scotia,30-05-2020,1,1056
1222,Nova Scotia,31-05-2020,0,1056
1223,Nova Scotia,01-06-2020,1,1057
1224,Nova Scotia,02-06-2020,0,1057
1225,Nova Scotia,03-06-2020,1,1058
1226,Nova Scotia,04-06-2020,0,1058
1227,Nova Scotia,05-06-2020,0,1058
1228,Nova Scotia,06-06-2020,0,1058
1229,Nova Scotia,07-06-2020,1,1059
1230,Nova Scotia,08-06-2020,0,1059
1231,Nova Scotia,09-06-2020,1,1060
1232,Nova Scotia,10-06-2020,1,1061
1233,Nova Scotia,11-06-2020,0,1061
1234,Nova Scotia,12-06-2020,0,1061
1235,Nova Scotia,13-06-2020,0,1061
1236,Nova Scotia,14-06-2020,0,1061
1237,Nova Scotia,15-06-2020,0,1061
1238,Nova Scotia,16-06-2020,0,1061
1239,Nova Scotia,17-06-2020,0,1061
1240,Nova Scotia,18-06-2020,0,1061
1241,Nova Scotia,19-06-2020,0,1061
1242,Nova Scotia,20-06-2020,0,1061
1243,Nova Scotia,21-06-2020,0,1061
1244,Nova Scotia,22-06-2020,0,1061
1245,Nova Scotia,23-06-2020,0,1061
1246,Nova Scotia,24-06-2020,0,1061
1247,Nova Scotia,25-06-2020,0,1061
1248,Nova Scotia,26-06-2020,0,1061
1249,Nova Scotia,27-06-2020,0,1061
1250,Nova Scotia,28-06-2020,0,1061
1251,Nova Scotia,29-06-2020,0,1061
1252,Nova Scotia,30-06-2020,1,1062
1253,Nova Scotia,01-07-2020,1,1063
1254,Nova Scotia,02-07-2020,1,1064
1255,Nova Scotia,03-07-2020,0,1064
1256,Nova Scotia,04-07-2020,0,1064
1257,Nova Scotia,05-07-2020,0,1064
1258,Nova Scotia,06-07-2020,1,1065
1259,Nova Scotia,07-07-2020,0,1065
1260,Nova Scotia,08-07-2020,1,1066
1261,Nova Scotia,09-07-2020,0,1066
1262,Nova Scotia,10-07-2020,0,1066
1263,Nova Scotia,11-07-2020,0,1066
1264,Nova Scotia,12-07-2020,0,1066
1265,Nova Scotia,13-07-2020,0,1066
1266,Nova Scotia,14-07-2020,0,1066
1267,Nova Scotia,15-07-2020,1,1067
1268,Nova Scotia,16-07-2020,0,1067
1269,Nova Scotia,17-07-2020,0,1067
1270,Nova Scotia,18-07-2020,0,1067
1271,Nova Scotia,19-07-2020,0,1067
1272,Nova Scotia,20-07-2020,0,1067
1273,Nova Scotia,21-07-2020,0,1067
1274,Nova Scotia,22-07-2020,0,1067
1275,Nova Scotia,23-07-2020,0,1067
1276,Nova Scotia,24-07-2020,0,1067
1277,Nova Scotia,25-07-2020,0,1067
1278,Nova Scotia,26-07-2020,0,1067
1279,Nova Scotia,27-07-2020,0,1067
1280,Nova Scotia,28-07-2020,0,1067
1281,Nova Scotia,29-07-2020,0,1067
1282,Nova Scotia,30-07-2020,0,1067
1283,Nova Scotia,31-07-2020,2,1069
1284,Nova Scotia,01-08-2020,0,1069
1285,Nova Scotia,02-08-2020,2,1071
1286,Nova Scotia,03-08-2020,0,1071
1287,Nova Scotia,04-08-2020,0,1071
1288,Nova Scotia,05-08-2020,0,1071
1289,Nova Scotia,06-08-2020,0,1071
1290,Nova Scotia,07-08-2020,0,1071
1291,Nova Scotia,08-08-2020,0,1071
1292,Nova Scotia,09-08-2020,0,1071
1293,Nova Scotia,10-08-2020,0,1071
1294,Nova Scotia,11-08-2020,0,1071
1295,Nova Scotia,12-08-2020,0,1071
1296,Nova Scotia,13-08-2020,0,1071
1297,Nova Scotia,14-08-2020,1,1072
1298,Nova Scotia,15-08-2020,2,1074
1299,Nova Scotia,16-08-2020,0,1074
1300,Nova Scotia,17-08-2020,1,1075
1301,Nova Scotia,18-08-2020,0,1075
1302,Nova Scotia,19-08-2020,1,1076
1303,Nova Scotia,20-08-2020,1,1077
1304,Nova Scotia,21-08-2020,0,1077
1305,Nova Scotia,22-08-2020,1,1078
1306,Nova Scotia,23-08-2020,2,1080
1307,Nova Scotia,24-08-2020,0,1080
1308,Nova Scotia,25-08-2020,0,1080
1309,Nova Scotia,26-08-2020,1,1081
1310,Nova Scotia,27-08-2020,0,1081
1311,Nova Scotia,28-08-2020,2,1083
1312,Nova Scotia,29-08-2020,0,1083
1313,Nova Scotia,30-08-2020,0,1083
1314,Nunavut,25-01-2020,0,0
1315,Nunavut,26-01-2020,0,0
1316,Nunavut,27-01-2020,0,0
1317,Nunavut,28-01-2020,0,0
1318,Nunavut,29-01-2020,0,0
1319,Nunavut,30-01-2020,0,0
1320,Nunavut,31-01-2020,0,0
1321,Nunavut,01-02-2020,0,0
1322,Nunavut,02-02-2020,0,0
1323,Nunavut,03-02-2020,0,0
1324,Nunavut,04-02-2020,0,0
1325,Nunavut,05-02-2020,0,0
1326,Nunavut,06-02-2020,0,0
1327,Nunavut,07-02-2020,0,0
1328,Nunavut,08-02-2020,0,0
1329,Nunavut,09-02-2020,0,0
1330,Nunavut,10-02-2020,0,0
1331,Nunavut,11-02-2020,0,0
1332,Nunavut,12-02-2020,0,0
1333,Nunavut,13-02-2020,0,0
1334,Nunavut,14-02-2020,0,0
1335,Nunavut,15-02-2020,0,0
1336,Nunavut,16-02-2020,0,0
1337,Nunavut,17-02-2020,0,0
1338,Nunavut,18-02-2020,0,0
1339,Nunavut,19-02-2020,0,0
1340,Nunavut,20-02-2020,0,0
1341,Nunavut,21-02-2020,0,0
1342,Nunavut,22-02-2020,0,0
1343,Nunavut,23-02-2020,0,0
1344,Nunavut,24-02-2020,0,0
1345,Nunavut,25-02-2020,0,0
1346,Nunavut,26-02-2020,0,0
1347,Nunavut,27-02-2020,0,0
1348,Nunavut,28-02-2020,0,0
1349,Nunavut,29-02-2020,0,0
1350,Nunavut,01-03-2020,0,0
1351,Nunavut,02-03-2020,0,0
1352,Nunavut,03-03-2020,0,0
1353,Nunavut,04-03-2020,0,0
1354,Nunavut,05-03-2020,0,0
1355,Nunavut,06-03-2020,0,0
1356,Nunavut,07-03-2020,0,0
1357,Nunavut,08-03-2020,0,0
1358,Nunavut,09-03-2020,0,0
1359,Nunavut,10-03-2020,0,0
1360,Nunavut,11-03-2020,0,0
1361,Nunavut,12-03-2020,0,0
1362,Nunavut,13-03-2020,0,0
1363,Nunavut,14-03-2020,0,0
1364,Nunavut,15-03-2020,0,0
1365,Nunavut,16-03-2020,0,0
1366,Nunavut,17-03-2020,0,0
1367,Nunavut,18-03-2020,0,0
1368,Nunavut,19-03-2020,0,0
1369,Nunavut,20-03-2020,0,0
1370,Nunavut,21-03-2020,0,0
1371,Nunavut,22-03-2020,0,0
1372,Nunavut,23-03-2020,0,0
1373,Nunavut,24-03-2020,0,0
1374,Nunavut,25-03-2020,0,0
1375,Nunavut,26-03-2020,0,0
1376,Nunavut,27-03-2020,0,0
1377,Nunavut,28-03-2020,0,0
1378,Nunavut,29-03-2020,0,0
1379,Nunavut,30-03-2020,0,0
1380,Nunavut,31-03-2020,0,0
1381,Nunavut,01-04-2020,0,0
1382,Nunavut,02-04-2020,0,0
1383,Nunavut,03-04-2020,0,0
1384,Nunavut,04-04-2020,0,0
1385,Nunavut,05-04-2020,0,0
1386,Nunavut,06-04-2020,0,0
1387,Nunavut,07-04-2020,0,0
1388,Nunavut,08-04-2020,0,0
1389,Nunavut,09-04-2020,0,0
1390,Nunavut,10-04-2020,0,0
1391,Nunavut,11-04-2020,0,0
1392,Nunavut,12-04-2020,0,0
1393,Nunavut,13-04-2020,0,0
1394,Nunavut,14-04-2020,0,0
1395,Nunavut,15-04-2020,0,0
1396,Nunavut,16-04-2020,0,0
1397,Nunavut,17-04-2020,0,0
1398,Nunavut,18-04-2020,0,0
1399,Nunavut,19-04-2020,0,0
1400,Nunavut,20-04-2020,0,0
1401,Nunavut,21-04-2020,0,0
1402,Nunavut,22-04-2020,0,0
1403,Nunavut,23-04-2020,0,0
1404,Nunavut,24-04-2020,0,0
1405,Nunavut,25-04-2020,0,0
1406,Nunavut,26-04-2020,0,0
1407,Nunavut,27-04-2020,0,0
1408,Nunavut,28-04-2020,0,0
1409,Nunavut,29-04-2020,0,0
1410,Nunavut,30-04-2020,0,0
1411,Nunavut,01-05-2020,0,0
1412,Nunavut,02-05-2020,0,0
1413,Nunavut,03-05-2020,0,0
1414,Nunavut,04-05-2020,0,0
1415,Nunavut,05-05-2020,0,0
1416,Nunavut,06-05-2020,0,0
1417,Nunavut,07-05-2020,0,0
1418,Nunavut,08-05-2020,0,0
1419,Nunavut,09-05-2020,0,0
1420,Nunavut,10-05-2020,0,0
1421,Nunavut,11-05-2020,0,0
1422,Nunavut,12-05-2020,0,0
1423,Nunavut,13-05-2020,0,0
1424,Nunavut,14-05-2020,0,0
1425,Nunavut,15-05-2020,0,0
1426,Nunavut,16-05-2020,0,0
1427,Nunavut,17-05-2020,0,0
1428,Nunavut,18-05-2020,0,0
1429,Nunavut,19-05-2020,0,0
1430,Nunavut,20-05-2020,0,0
1431,Nunavut,21-05-2020,0,0
1432,Nunavut,22-05-2020,0,0
1433,Nunavut,23-05-2020,0,0
1434,Nunavut,24-05-2020,0,0
1435,Nunavut,25-05-2020,0,0
1436,Nunavut,26-05-2020,0,0
1437,Nunavut,27-05-2020,0,0
1438,Nunavut,28-05-2020,0,0
1439,Nunavut,29-05-2020,0,0
1440,Nunavut,30-05-2020,0,0
1441,Nunavut,31-05-2020,0,0
1442,Nunavut,01-06-2020,0,0
1443,Nunavut,02-06-2020,0,0
1444,Nunavut,03-06-2020,0,0
1445,Nunavut,04-06-2020,0,0
1446,Nunavut,05-06-2020,0,0
1447,Nunavut,06-06-2020,0,0
1448,Nunavut,07-06-2020,0,0
1449,Nunavut,08-06-2020,0,0
1450,Nunavut,09-06-2020,0,0
1451,Nunavut,10-06-2020,0,0
1452,Nunavut,11-06-2020,0,0
1453,Nunavut,12-06-2020,0,0
1454,Nunavut,13-06-2020,0,0
1455,Nunavut,14-06-2020,0,0
1456,Nunavut,15-06-2020,0,0
1457,Nunavut,16-06-2020,0,0
1458,Nunavut,17-06-2020,0,0
1459,Nunavut,18-06-2020,0,0
1460,Nunavut,19-06-2020,0,0
1461,Nunavut,20-06-2020,0,0
1462,Nunavut,21-06-2020,0,0
1463,Nunavut,22-06-2020,0,0
1464,Nunavut,23-06-2020,0,0
1465,Nunavut,24-06-2020,0,0
1466,Nunavut,25-06-2020,0,0
1467,Nunavut,26-06-2020,0,0
1468,Nunavut,27-06-2020,0,0
1469,Nunavut,28-06-2020,0,0
1470,Nunavut,29-06-2020,0,0
1471,Nunavut,30-06-2020,0,0
1472,Nunavut,01-07-2020,0,0
1473,Nunavut,02-07-2020,0,0
1474,Nunavut,03-07-2020,0,0
1475,Nunavut,04-07-2020,0,0
1476,Nunavut,05-07-2020,0,0
1477,Nunavut,06-07-2020,0,0
1478,Nunavut,07-07-2020,0,0
1479,Nunavut,08-07-2020,0,0
1480,Nunavut,09-07-2020,0,0
1481,Nunavut,10-07-2020,0,0
1482,Nunavut,11-07-2020,0,0
1483,Nunavut,12-07-2020,0,0
1484,Nunavut,13-07-2020,0,0
1485,Nunavut,14-07-2020,0,0
1486,Nunavut,15-07-2020,0,0
1487,Nunavut,16-07-2020,0,0
1488,Nunavut,17-07-2020,0,0
1489,Nunavut,18-07-2020,0,0
1490,Nunavut,19-07-2020,0,0
1491,Nunavut,20-07-2020,0,0
1492,Nunavut,21-07-2020,0,0
1493,Nunavut,22-07-2020,0,0
1494,Nunavut,23-07-2020,0,0
1495,Nunavut,24-07-2020,0,0
1496,Nunavut,25-07-2020,0,0
1497,Nunavut,26-07-2020,0,0
1498,Nunavut,27-07-2020,0,0
1499,Nunavut,28-07-2020,0,0
1500,Nunavut,29-07-2020,0,0
1501,Nunavut,30-07-2020,0,0
1502,Nunavut,31-07-2020,0,0
1503,Nunavut,01-08-2020,0,0
1504,Nunavut,02-08-2020,0,0
1505,Nunavut,03-08-2020,0,0
1506,Nunavut,04-08-2020,0,0
1507,Nunavut,05-08-2020,0,0
1508,Nunavut,06-08-2020,0,0
1509,Nunavut,07-08-2020,0,0
1510,Nunavut,08-08-2020,0,0
1511,Nunavut,09-08-2020,0,0
1512,Nunavut,10-08-2020,0,0
1513,Nunavut,11-08-2020,0,0
1514,Nunavut,12-08-2020,0,0
1515,Nunavut,13-08-2020,0,0
1516,Nunavut,14-08-2020,0,0
1517,Nunavut,15-08-2020,0,0
1518,Nunavut,16-08-2020,0,0
1519,Nunavut,17-08-2020,0,0
1520,Nunavut,18-08-2020,0,0
1521,Nunavut,19-08-2020,0,0
1522,Nunavut,20-08-2020,0,0
1523,Nunavut,21-08-2020,0,0
1524,Nunavut,22-08-2020,0,0
1525,Nunavut,23-08-2020,0,0
1526,Nunavut,24-08-2020,0,0
1527,Nunavut,25-08-2020,0,0
1528,Nunavut,26-08-2020,0,0
1529,Nunavut,27-08-2020,0,0
1530,Nunavut,28-08-2020,0,0
1531,Nunavut,29-08-2020,0,0
1532,Nunavut,30-08-2020,0,0
1533,NWT,25-01-2020,0,0
1534,NWT,26-01-2020,0,0
1535,NWT,27-01-2020,0,0
1536,NWT,28-01-2020,0,0
1537,NWT,29-01-2020,0,0
1538,NWT,30-01-2020,0,0
1539,NWT,31-01-2020,0,0
1540,NWT,01-02-2020,0,0
1541,NWT,02-02-2020,0,0
1542,NWT,03-02-2020,0,0
1543,NWT,04-02-2020,0,0
1544,NWT,05-02-2020,0,0
1545,NWT,06-02-2020,0,0
1546,NWT,07-02-2020,0,0
1547,NWT,08-02-2020,0,0
1548,NWT,09-02-2020,0,0
1549,NWT,10-02-2020,0,0
1550,NWT,11-02-2020,0,0
1551,NWT,12-02-2020,0,0
1552,NWT,13-02-2020,0,0
1553,NWT,14-02-2020,0,0
1554,NWT,15-02-2020,0,0
1555,NWT,16-02-2020,0,0
1556,NWT,17-02-2020,0,0
1557,NWT,18-02-2020,0,0
1558,NWT,19-02-2020,0,0
1559,NWT,20-02-2020,0,0
1560,NWT,21-02-2020,0,0
1561,NWT,22-02-2020,0,0
1562,NWT,23-02-2020,0,0
1563,NWT,24-02-2020,0,0
1564,NWT,25-02-2020,0,0
1565,NWT,26-02-2020,0,0
1566,NWT,27-02-2020,0,0
1567,NWT,28-02-2020,0,0
1568,NWT,29-02-2020,0,0
1569,NWT,01-03-2020,0,0
1570,NWT,02-03-2020,0,0
1571,NWT,03-03-2020,0,0
1572,NWT,04-03-2020,0,0
1573,NWT,05-03-2020,0,0
1574,NWT,06-03-2020,0,0
1575,NWT,07-03-2020,0,0
1576,NWT,08-03-2020,0,0
1577,NWT,09-03-2020,0,0
1578,NWT,10-03-2020,0,0
1579,NWT,11-03-2020,0,0
1580,NWT,12-03-2020,0,0
1581,NWT,13-03-2020,0,0
1582,NWT,14-03-2020,0,0
1583,NWT,15-03-2020,0,0
1584,NWT,16-03-2020,0,0
1585,NWT,17-03-2020,0,0
1586,NWT,18-03-2020,0,0
1587,NWT,19-03-2020,0,0
1588,NWT,20-03-2020,0,0
1589,NWT,21-03-2020,1,1
1590,NWT,22-03-2020,0,1
1591,NWT,23-03-2020,0,1
1592,NWT,24-03-2020,0,1
1593,NWT,25-03-2020,0,1
1594,NWT,26-03-2020,0,1
1595,NWT,27-03-2020,0,1
1596,NWT,28-03-2020,0,1
1597,NWT,29-03-2020,0,1
1598,NWT,30-03-2020,0,1
1599,NWT,31-03-2020,0,1
1600,NWT,01-04-2020,1,2
1601,NWT,02-04-2020,0,2
1602,NWT,03-04-2020,2,4
1603,NWT,04-04-2020,0,4
1604,NWT,05-04-2020,0,4
1605,NWT,06-04-2020,1,5
1606,NWT,07-04-2020,0,5
1607,NWT,08-04-2020,0,5
1608,NWT,09-04-2020,0,5
1609,NWT,10-04-2020,0,5
1610,NWT,11-04-2020,0,5
1611,NWT,12-04-2020,0,5
1612,NWT,13-04-2020,0,5
1613,NWT,14-04-2020,0,5
1614,NWT,15-04-2020,0,5
1615,NWT,16-04-2020,0,5
1616,NWT,17-04-2020,0,5
1617,NWT,18-04-2020,0,5
1618,NWT,19-04-2020,0,5
1619,NWT,20-04-2020,0,5
1620,NWT,21-04-2020,0,5
1621,NWT,22-04-2020,0,5
1622,NWT,23-04-2020,0,5
1623,NWT,24-04-2020,0,5
1624,NWT,25-04-2020,0,5
1625,NWT,26-04-2020,0,5
1626,NWT,27-04-2020,0,5
1627,NWT,28-04-2020,0,5
1628,NWT,29-04-2020,0,5
1629,NWT,30-04-2020,0,5
1630,NWT,01-05-2020,0,5
1631,NWT,02-05-2020,0,5
1632,NWT,03-05-2020,0,5
1633,NWT,04-05-2020,0,5
1634,NWT,05-05-2020,0,5
1635,NWT,06-05-2020,0,5
1636,NWT,07-05-2020,0,5
1637,NWT,08-05-2020,0,5
1638,NWT,09-05-2020,0,5
1639,NWT,10-05-2020,0,5
1640,NWT,11-05-2020,0,5
1641,NWT,12-05-2020,0,5
1642,NWT,13-05-2020,0,5
1643,NWT,14-05-2020,0,5
1644,NWT,15-05-2020,0,5
1645,NWT,16-05-2020,0,5
1646,NWT,17-05-2020,0,5
1647,NWT,18-05-2020,0,5
1648,NWT,19-05-2020,0,5
1649,NWT,20-05-2020,0,5
1650,NWT,21-05-2020,0,5
1651,NWT,22-05-2020,0,5
1652,NWT,23-05-2020,0,5
1653,NWT,24-05-2020,0,5
1654,NWT,25-05-2020,0,5
1655,NWT,26-05-2020,0,5
1656,NWT,27-05-2020,0,5
1657,NWT,28-05-2020,0,5
1658,NWT,29-05-2020,0,5
1659,NWT,30-05-2020,0,5
1660,NWT,31-05-2020,0,5
1661,NWT,01-06-2020,0,5
1662,NWT,02-06-2020,0,5
1663,NWT,03-06-2020,0,5
1664,NWT,04-06-2020,0,5
1665,NWT,05-06-2020,0,5
1666,NWT,06-06-2020,0,5
1667,NWT,07-06-2020,0,5
1668,NWT,08-06-2020,0,5
1669,NWT,09-06-2020,0,5
1670,NWT,10-06-2020,0,5
1671,NWT,11-06-2020,0,5
1672,NWT,12-06-2020,0,5
1673,NWT,13-06-2020,0,5
1674,NWT,14-06-2020,0,5
1675,NWT,15-06-2020,0,5
1676,NWT,16-06-2020,0,5
1677,NWT,17-06-2020,0,5
1678,NWT,18-06-2020,0,5
1679,NWT,19-06-2020,0,5
1680,NWT,20-06-2020,0,5
1681,NWT,21-06-2020,0,5
1682,NWT,22-06-2020,0,5
1683,NWT,23-06-2020,0,5
1684,NWT,24-06-2020,0,5
1685,NWT,25-06-2020,0,5
1686,NWT,26-06-2020,0,5
1687,NWT,27-06-2020,0,5
1688,NWT,28-06-2020,0,5
1689,NWT,29-06-2020,0,5
1690,NWT,30-06-2020,0,5
1691,NWT,01-07-2020,0,5
1692,NWT,02-07-2020,0,5
1693,NWT,03-07-2020,0,5
1694,NWT,04-07-2020,0,5
1695,NWT,05-07-2020,0,5
1696,NWT,06-07-2020,0,5
1697,NWT,07-07-2020,0,5
1698,NWT,08-07-2020,0,5
1699,NWT,09-07-2020,0,5
1700,NWT,10-07-2020,0,5
1701,NWT,11-07-2020,0,5
1702,NWT,12-07-2020,0,5
1703,NWT,13-07-2020,0,5
1704,NWT,14-07-2020,0,5
1705,NWT,15-07-2020,0,5
1706,NWT,16-07-2020,0,5
1707,NWT,17-07-2020,0,5
1708,NWT,18-07-2020,0,5
1709,NWT,19-07-2020,0,5
1710,NWT,20-07-2020,0,5
1711,NWT,21-07-2020,0,5
1712,NWT,22-07-2020,0,5
1713,NWT,23-07-2020,0,5
1714,NWT,24-07-2020,0,5
1715,NWT,25-07-2020,0,5
1716,NWT,26-07-2020,0,5
1717,NWT,27-07-2020,0,5
1718,NWT,28-07-2020,0,5
1719,NWT,29-07-2020,0,5
1720,NWT,30-07-2020,0,5
1721,NWT,31-07-2020,0,5
1722,NWT,01-08-2020,0,5
1723,NWT,02-08-2020,0,5
1724,NWT,03-08-2020,0,5
1725,NWT,04-08-2020,0,5
1726,NWT,05-08-2020,0,5
1727,NWT,06-08-2020,0,5
1728,NWT,07-08-2020,0,5
1729,NWT,08-08-2020,0,5
1730,NWT,09-08-2020,0,5
1731,NWT,10-08-2020,0,5
1732,NWT,11-08-2020,0,5
1733,NWT,12-08-2020,0,5
1734,NWT,13-08-2020,0,5
1735,NWT,14-08-2020,0,5
1736,NWT,15-08-2020,0,5
1737,NWT,16-08-2020,0,5
1738,NWT,17-08-2020,0,5
1739,NWT,18-08-2020,0,5
1740,NWT,19-08-2020,0,5
1741,NWT,20-08-2020,0,5
1742,NWT,21-08-2020,0,5
1743,NWT,22-08-2020,0,5
1744,NWT,23-08-2020,0,5
1745,NWT,24-08-2020,0,5
1746,NWT,25-08-2020,0,5
1747,NWT,26-08-2020,0,5
1748,NWT,27-08-2020,0,5
1749,NWT,28-08-2020,0,5
1750,NWT,29-08-2020,0,5
1751,NWT,30-08-2020,0,5
1752,Ontario,25-01-2020,1,1
1753,Ontario,26-01-2020,0,1
1754,Ontario,27-01-2020,1,2
1755,Ontario,28-01-2020,0,2
1756,Ontario,29-01-2020,0,2
1757,Ontario,30-01-2020,0,2
1758,Ontario,31-01-2020,1,3
1759,Ontario,01-02-2020,0,3
1760,Ontario,02-02-2020,0,3
1761,Ontario,03-02-2020,0,3
1762,Ontario,04-02-2020,0,3
1763,Ontario,05-02-2020,0,3
1764,Ontario,06-02-2020,0,3
1765,Ontario,07-02-2020,0,3
1766,Ontario,08-02-2020,0,3
1767,Ontario,09-02-2020,0,3
1768,Ontario,10-02-2020,0,3
1769,Ontario,11-02-2020,0,3
1770,Ontario,12-02-2020,0,3
1771,Ontario,13-02-2020,0,3
1772,Ontario,14-02-2020,0,3
1773,Ontario,15-02-2020,0,3
1774,Ontario,16-02-2020,0,3
1775,Ontario,17-02-2020,0,3
1776,Ontario,18-02-2020,0,3
1777,Ontario,19-02-2020,0,3
1778,Ontario,20-02-2020,0,3
1779,Ontario,21-02-2020,0,3
1780,Ontario,22-02-2020,0,3
1781,Ontario,23-02-2020,1,4
1782,Ontario,24-02-2020,0,4
1783,Ontario,25-02-2020,0,4
1784,Ontario,26-02-2020,1,5
1785,Ontario,27-02-2020,1,6
1786,Ontario,28-02-2020,2,8
1787,Ontario,29-02-2020,3,11
1788,Ontario,01-03-2020,4,15
1789,Ontario,02-03-2020,0,15
1790,Ontario,03-03-2020,5,20
1791,Ontario,04-03-2020,0,20
1792,Ontario,05-03-2020,2,22
1793,Ontario,06-03-2020,6,28
1794,Ontario,07-03-2020,0,28
1795,Ontario,08-03-2020,4,32
1796,Ontario,09-03-2020,3,35
1797,Ontario,10-03-2020,2,37
1798,Ontario,11-03-2020,5,42
1799,Ontario,12-03-2020,17,59
1800,Ontario,13-03-2020,20,79
1801,Ontario,14-03-2020,24,103
1802,Ontario,15-03-2020,42,145
1803,Ontario,16-03-2020,32,177
1804,Ontario,17-03-2020,12,189
1805,Ontario,18-03-2020,25,214
1806,Ontario,19-03-2020,44,258
1807,Ontario,20-03-2020,60,318
1808,Ontario,21-03-2020,59,377
1809,Ontario,22-03-2020,48,425
1810,Ontario,23-03-2020,78,503
1811,Ontario,24-03-2020,85,588
1812,Ontario,25-03-2020,100,688
1813,Ontario,26-03-2020,170,858
1814,Ontario,27-03-2020,135,993
1815,Ontario,28-03-2020,151,1144
1816,Ontario,29-03-2020,211,1355
1817,Ontario,30-03-2020,351,1706
1818,Ontario,31-03-2020,260,1966
1819,Ontario,01-04-2020,885,2851
1820,Ontario,02-04-2020,437,3288
1821,Ontario,03-04-2020,398,3686
1822,Ontario,04-04-2020,335,4021
1823,Ontario,05-04-2020,420,4441
1824,Ontario,06-04-2020,404,4845
1825,Ontario,07-04-2020,546,5391
1826,Ontario,08-04-2020,447,5838
1827,Ontario,09-04-2020,559,6397
1828,Ontario,10-04-2020,407,6804
1829,Ontario,11-04-2020,489,7293
1830,Ontario,12-04-2020,433,7726
1831,Ontario,13-04-2020,494,8220
1832,Ontario,14-04-2020,560,8780
1833,Ontario,15-04-2020,522,9302
1834,Ontario,16-04-2020,519,9821
1835,Ontario,17-04-2020,626,10447
1836,Ontario,18-04-2020,561,11008
1837,Ontario,19-04-2020,531,11539
1838,Ontario,20-04-2020,675,12214
1839,Ontario,21-04-2020,492,12706
1840,Ontario,22-04-2020,712,13418
1841,Ontario,23-04-2020,577,13995
1842,Ontario,24-04-2020,490,14485
1843,Ontario,25-04-2020,428,14913
1844,Ontario,26-04-2020,487,15400
1845,Ontario,27-04-2020,456,15856
1846,Ontario,28-04-2020,458,16314
1847,Ontario,29-04-2020,463,16777
1848,Ontario,30-04-2020,391,17168
1849,Ontario,01-05-2020,552,17720
1850,Ontario,02-05-2020,438,18158
1851,Ontario,03-05-2020,243,18401
1852,Ontario,04-05-2020,549,18950
1853,Ontario,05-05-2020,380,19330
1854,Ontario,06-05-2020,449,19779
1855,Ontario,07-05-2020,481,20260
1856,Ontario,08-05-2020,430,20690
1857,Ontario,09-05-2020,320,21010
1858,Ontario,10-05-2020,315,21325
1859,Ontario,11-05-2020,362,21687
1860,Ontario,12-05-2020,344,22031
1861,Ontario,13-05-2020,357,22388
1862,Ontario,14-05-2020,359,22747
1863,Ontario,15-05-2020,393,23140
1864,Ontario,16-05-2020,373,23513
1865,Ontario,17-05-2020,330,23843
1866,Ontario,18-05-2020,308,24151
1867,Ontario,19-05-2020,502,24653
1868,Ontario,20-05-2020,439,25092
1869,Ontario,21-05-2020,404,25496
1870,Ontario,22-05-2020,497,25993
1871,Ontario,23-05-2020,470,26463
1872,Ontario,24-05-2020,338,26801
1873,Ontario,25-05-2020,419,27220
1874,Ontario,26-05-2020,326,27546
1875,Ontario,27-05-2020,318,27864
1876,Ontario,28-05-2020,383,28247
1877,Ontario,29-05-2020,371,28618
1878,Ontario,30-05-2020,327,28945
1879,Ontario,31-05-2020,372,29317
1880,Ontario,01-06-2020,464,29781
1881,Ontario,02-06-2020,413,30194
1882,Ontario,03-06-2020,352,30546
1883,Ontario,04-06-2020,343,30889
1884,Ontario,05-06-2020,416,31305
1885,Ontario,06-06-2020,251,31556
1886,Ontario,07-06-2020,473,32029
1887,Ontario,08-06-2020,312,32341
1888,Ontario,09-06-2020,279,32620
1889,Ontario,10-06-2020,259,32879
1890,Ontario,11-06-2020,237,33116
1891,Ontario,12-06-2020,212,33328
1892,Ontario,13-06-2020,246,33574
1893,Ontario,14-06-2020,175,33749
1894,Ontario,15-06-2020,207,33956
1895,Ontario,16-06-2020,190,34146
1896,Ontario,17-06-2020,196,34342
1897,Ontario,18-06-2020,188,34530
1898,Ontario,19-06-2020,209,34739
1899,Ontario,20-06-2020,181,34920
1900,Ontario,21-06-2020,157,35077
1901,Ontario,22-06-2020,224,35301
1902,Ontario,23-06-2020,238,35539
1903,Ontario,24-06-2020,201,35740
1904,Ontario,25-06-2020,178,35918
1905,Ontario,26-06-2020,115,36033
1906,Ontario,27-06-2020,164,36197
1907,Ontario,28-06-2020,252,36449
1908,Ontario,29-06-2020,238,36687
1909,Ontario,30-06-2020,151,36838
1910,Ontario,01-07-2020,124,36962
1911,Ontario,02-07-2020,159,37121
1912,Ontario,03-07-2020,165,37286
1913,Ontario,04-07-2020,116,37402
1914,Ontario,05-07-2020,124,37526
1915,Ontario,06-07-2020,184,37710
1916,Ontario,07-07-2020,84,37794
1917,Ontario,08-07-2020,164,37958
1918,Ontario,09-07-2020,121,38079
1919,Ontario,10-07-2020,119,38198
1920,Ontario,11-07-2020,81,38279
1921,Ontario,12-07-2020,66,38345
1922,Ontario,13-07-2020,256,38601
1923,Ontario,14-07-2020,83,38684
1924,Ontario,15-07-2020,104,38788
1925,Ontario,16-07-2020,121,38909
1926,Ontario,17-07-2020,143,39052
1927,Ontario,18-07-2020,199,39251
1928,Ontario,19-07-2020,147,39398
1929,Ontario,20-07-2020,154,39552
1930,Ontario,21-07-2020,187,39739
1931,Ontario,22-07-2020,136,39875
1932,Ontario,23-07-2020,143,40018
1933,Ontario,24-07-2020,208,40226
1934,Ontario,25-07-2020,128,40354
1935,Ontario,26-07-2020,104,40458
1936,Ontario,27-07-2020,150,40608
1937,Ontario,28-07-2020,125,40733
1938,Ontario,29-07-2020,93,40826
1939,Ontario,30-07-2020,102,40928
1940,Ontario,31-07-2020,118,41046
1941,Ontario,01-08-2020,109,41155
1942,Ontario,02-08-2020,74,41229
1943,Ontario,03-08-2020,70,41299
1944,Ontario,04-08-2020,126,41425
1945,Ontario,05-08-2020,75,41500
1946,Ontario,06-08-2020,86,41586
1947,Ontario,07-08-2020,91,41677
1948,Ontario,08-08-2020,77,41754
1949,Ontario,09-08-2020,59,41813
1950,Ontario,10-08-2020,135,41948
1951,Ontario,11-08-2020,91,42039
1952,Ontario,12-08-2020,73,42112
1953,Ontario,13-08-2020,72,42184
1954,Ontario,14-08-2020,103,42287
1955,Ontario,15-08-2020,82,42369
1956,Ontario,16-08-2020,48,42417
1957,Ontario,17-08-2020,131,42548
1958,Ontario,18-08-2020,117,42665
1959,Ontario,19-08-2020,91,42756
1960,Ontario,20-08-2020,97,42853
1961,Ontario,21-08-2020,142,42995
1962,Ontario,22-08-2020,78,43073
1963,Ontario,23-08-2020,92,43165
1964,Ontario,24-08-2020,157,43322
1965,Ontario,25-08-2020,86,43408
1966,Ontario,26-08-2020,125,43533
1967,Ontario,27-08-2020,139,43672
1968,Ontario,28-08-2020,117,43789
1969,Ontario,29-08-2020,114,43903
1970,Ontario,30-08-2020,88,43991
1971,PEI,25-01-2020,0,0
1972,PEI,26-01-2020,0,0
1973,PEI,27-01-2020,0,0
1974,PEI,28-01-2020,0,0
1975,PEI,29-01-2020,0,0
1976,PEI,30-01-2020,0,0
1977,PEI,31-01-2020,0,0
1978,PEI,01-02-2020,0,0
1979,PEI,02-02-2020,0,0
1980,PEI,03-02-2020,0,0
1981,PEI,04-02-2020,0,0
1982,PEI,05-02-2020,0,0
1983,PEI,06-02-2020,0,0
1984,PEI,07-02-2020,0,0
1985,PEI,08-02-2020,0,0
1986,PEI,09-02-2020,0,0
1987,PEI,10-02-2020,0,0
1988,PEI,11-02-2020,0,0
1989,PEI,12-02-2020,0,0
1990,PEI,13-02-2020,0,0
1991,PEI,14-02-2020,0,0
1992,PEI,15-02-2020,0,0
1993,PEI,16-02-2020,0,0
1994,PEI,17-02-2020,0,0
1995,PEI,18-02-2020,0,0
1996,PEI,19-02-2020,0,0
1997,PEI,20-02-2020,0,0
1998,PEI,21-02-2020,0,0
1999,PEI,22-02-2020,0,0
2000,PEI,23-02-2020,0,0
2001,PEI,24-02-2020,0,0
2002,PEI,25-02-2020,0,0
2003,PEI,26-02-2020,0,0
2004,PEI,27-02-2020,0,0
2005,PEI,28-02-2020,0,0
2006,PEI,29-02-2020,0,0
2007,PEI,01-03-2020,0,0
2008,PEI,02-03-2020,0,0
2009,PEI,03-03-2020,0,0
2010,PEI,04-03-2020,0,0
2011,PEI,05-03-2020,0,0
2012,PEI,06-03-2020,0,0
2013,PEI,07-03-2020,0,0
2014,PEI,08-03-2020,0,0
2015,PEI,09-03-2020,0,0
2016,PEI,10-03-2020,0,0
2017,PEI,11-03-2020,0,0
2018,PEI,12-03-2020,0,0
2019,PEI,13-03-2020,0,0
2020,PEI,14-03-2020,1,1
2021,PEI,15-03-2020,0,1
2022,PEI,16-03-2020,0,1
2023,PEI,17-03-2020,0,1
2024,PEI,18-03-2020,0,1
2025,PEI,19-03-2020,1,2
2026,PEI,20-03-2020,0,2
2027,PEI,21-03-2020,0,2
2028,PEI,22-03-2020,1,3
2029,PEI,23-03-2020,0,3
2030,PEI,24-03-2020,0,3
2031,PEI,25-03-2020,2,5
2032,PEI,26-03-2020,4,9
2033,PEI,27-03-2020,2,11
2034,PEI,28-03-2020,0,11
2035,PEI,29-03-2020,0,11
2036,PEI,30-03-2020,7,18
2037,PEI,31-03-2020,3,21
2038,PEI,01-04-2020,0,21
2039,PEI,02-04-2020,1,22
2040,PEI,03-04-2020,0,22
2041,PEI,04-04-2020,0,22
2042,PEI,05-04-2020,0,22
2043,PEI,06-04-2020,0,22
2044,PEI,07-04-2020,0,22
2045,PEI,08-04-2020,3,25
2046,PEI,09-04-2020,0,25
2047,PEI,10-04-2020,0,25
2048,PEI,11-04-2020,0,25
2049,PEI,12-04-2020,0,25
2050,PEI,13-04-2020,0,25
2051,PEI,14-04-2020,0,25
2052,PEI,15-04-2020,1,26
2053,PEI,16-04-2020,0,26
2054,PEI,17-04-2020,0,26
2055,PEI,18-04-2020,0,26
2056,PEI,19-04-2020,0,26
2057,PEI,20-04-2020,0,26
2058,PEI,21-04-2020,0,26
2059,PEI,22-04-2020,0,26
2060,PEI,23-04-2020,0,26
2061,PEI,24-04-2020,0,26
2062,PEI,25-04-2020,0,26
2063,PEI,26-04-2020,0,26
2064,PEI,27-04-2020,0,26
2065,PEI,28-04-2020,1,27
2066,PEI,29-04-2020,0,27
2067,PEI,30-04-2020,0,27
2068,PEI,01-05-2020,0,27
2069,PEI,02-05-2020,0,27
2070,PEI,03-05-2020,0,27
2071,PEI,04-05-2020,0,27
2072,PEI,05-05-2020,0,27
2073,PEI,06-05-2020,0,27
2074,PEI,07-05-2020,0,27
2075,PEI,08-05-2020,0,27
2076,PEI,09-05-2020,0,27
2077,PEI,10-05-2020,0,27
2078,PEI,11-05-2020,0,27
2079,PEI,12-05-2020,0,27
2080,PEI,13-05-2020,0,27
2081,PEI,14-05-2020,0,27
2082,PEI,15-05-2020,0,27
2083,PEI,16-05-2020,0,27
2084,PEI,17-05-2020,0,27
2085,PEI,18-05-2020,0,27
2086,PEI,19-05-2020,0,27
2087,PEI,20-05-2020,0,27
2088,PEI,21-05-2020,0,27
2089,PEI,22-05-2020,0,27
2090,PEI,23-05-2020,0,27
2091,PEI,24-05-2020,0,27
2092,PEI,25-05-2020,0,27
2093,PEI,26-05-2020,0,27
2094,PEI,27-05-2020,0,27
2095,PEI,28-05-2020,0,27
2096,PEI,29-05-2020,0,27
2097,PEI,30-05-2020,0,27
2098,PEI,31-05-2020,0,27
2099,PEI,01-06-2020,0,27
2100,PEI,02-06-2020,0,27
2101,PEI,03-06-2020,0,27
2102,PEI,04-06-2020,0,27
2103,PEI,05-06-2020,0,27
2104,PEI,06-06-2020,0,27
2105,PEI,07-06-2020,0,27
2106,PEI,08-06-2020,0,27
2107,PEI,09-06-2020,0,27
2108,PEI,10-06-2020,0,27
2109,PEI,11-06-2020,0,27
2110,PEI,12-06-2020,0,27
2111,PEI,13-06-2020,0,27
2112,PEI,14-06-2020,0,27
2113,PEI,15-06-2020,0,27
2114,PEI,16-06-2020,0,27
2115,PEI,17-06-2020,0,27
2116,PEI,18-06-2020,0,27
2117,PEI,19-06-2020,0,27
2118,PEI,20-06-2020,0,27
2119,PEI,21-06-2020,0,27
2120,PEI,22-06-2020,0,27
2121,PEI,23-06-2020,0,27
2122,PEI,24-06-2020,0,27
2123,PEI,25-06-2020,0,27
2124,PEI,26-06-2020,0,27
2125,PEI,27-06-2020,0,27
2126,PEI,28-06-2020,0,27
2127,PEI,29-06-2020,0,27
2128,PEI,30-06-2020,0,27
2129,PEI,01-07-2020,0,27
2130,PEI,02-07-2020,0,27
2131,PEI,03-07-2020,0,27
2132,PEI,04-07-2020,3,30
2133,PEI,05-07-2020,2,32
2134,PEI,06-07-2020,0,32
2135,PEI,07-07-2020,0,32
2136,PEI,08-07-2020,0,32
2137,PEI,09-07-2020,1,33
2138,PEI,10-07-2020,0,33
2139,PEI,11-07-2020,0,33
2140,PEI,12-07-2020,1,34
2141,PEI,13-07-2020,1,35
2142,PEI,14-07-2020,1,36
2143,PEI,15-07-2020,0,36
2144,PEI,16-07-2020,0,36
2145,PEI,17-07-2020,0,36
2146,PEI,18-07-2020,0,36
2147,PEI,19-07-2020,0,36
2148,PEI,20-07-2020,0,36
2149,PEI,21-07-2020,0,36
2150,PEI,22-07-2020,0,36
2151,PEI,23-07-2020,0,36
2152,PEI,24-07-2020,0,36
2153,PEI,25-07-2020,0,36
2154,PEI,26-07-2020,0,36
2155,PEI,27-07-2020,0,36
2156,PEI,28-07-2020,0,36
2157,PEI,29-07-2020,0,36
2158,PEI,30-07-2020,0,36
2159,PEI,31-07-2020,0,36
2160,PEI,01-08-2020,0,36
2161,PEI,02-08-2020,0,36
2162,PEI,03-08-2020,0,36
2163,PEI,04-08-2020,0,36
2164,PEI,05-08-2020,0,36
2165,PEI,06-08-2020,0,36
2166,PEI,07-08-2020,0,36
2167,PEI,08-08-2020,0,36
2168,PEI,09-08-2020,0,36
2169,PEI,10-08-2020,0,36
2170,PEI,11-08-2020,0,36
2171,PEI,12-08-2020,5,41
2172,PEI,13-08-2020,0,41
2173,PEI,14-08-2020,0,41
2174,PEI,15-08-2020,0,41
2175,PEI,16-08-2020,0,41
2176,PEI,17-08-2020,0,41
2177,PEI,18-08-2020,3,44
2178,PEI,19-08-2020,0,44
2179,PEI,20-08-2020,0,44
2180,PEI,21-08-2020,0,44
2181,PEI,22-08-2020,0,44
2182,PEI,23-08-2020,0,44
2183,PEI,24-08-2020,0,44
2184,PEI,25-08-2020,0,44
2185,PEI,26-08-2020,0,44
2186,PEI,27-08-2020,0,44
2187,PEI,28-08-2020,0,44
2188,PEI,29-08-2020,0,44
2189,PEI,30-08-2020,0,44
2190,Quebec,25-01-2020,0,0
2191,Quebec,26-01-2020,0,0
2192,Quebec,27-01-2020,0,0
2193,Quebec,28-01-2020,0,0
2194,Quebec,29-01-2020,0,0
2195,Quebec,30-01-2020,0,0
2196,Quebec,31-01-2020,0,0
2197,Quebec,01-02-2020,0,0
2198,Quebec,02-02-2020,0,0
2199,Quebec,03-02-2020,0,0
2200,Quebec,04-02-2020,0,0
2201,Quebec,05-02-2020,0,0
2202,Quebec,06-02-2020,0,0
2203,Quebec,07-02-2020,0,0
2204,Quebec,08-02-2020,0,0
2205,Quebec,09-02-2020,0,0
2206,Quebec,10-02-2020,0,0
2207,Quebec,11-02-2020,0,0
2208,Quebec,12-02-2020,0,0
2209,Quebec,13-02-2020,0,0
2210,Quebec,14-02-2020,0,0
2211,Quebec,15-02-2020,0,0
2212,Quebec,16-02-2020,0,0
2213,Quebec,17-02-2020,0,0
2214,Quebec,18-02-2020,0,0
2215,Quebec,19-02-2020,0,0
2216,Quebec,20-02-2020,0,0
2217,Quebec,21-02-2020,0,0
2218,Quebec,22-02-2020,0,0
2219,Quebec,23-02-2020,0,0
2220,Quebec,24-02-2020,0,0
2221,Quebec,25-02-2020,0,0
2222,Quebec,26-02-2020,0,0
2223,Quebec,27-02-2020,1,1
2224,Quebec,28-02-2020,0,1
2225,Quebec,29-02-2020,0,1
2226,Quebec,01-03-2020,0,1
2227,Quebec,02-03-2020,0,1
2228,Quebec,03-03-2020,0,1
2229,Quebec,04-03-2020,0,1
2230,Quebec,05-03-2020,1,2
2231,Quebec,06-03-2020,1,3
2232,Quebec,07-03-2020,0,3
2233,Quebec,08-03-2020,1,4
2234,Quebec,09-03-2020,1,5
2235,Quebec,10-03-2020,0,5
2236,Quebec,11-03-2020,3,8
2237,Quebec,12-03-2020,9,17
2238,Quebec,13-03-2020,0,17
2239,Quebec,14-03-2020,7,24
2240,Quebec,15-03-2020,15,39
2241,Quebec,16-03-2020,11,50
2242,Quebec,17-03-2020,24,74
2243,Quebec,18-03-2020,20,94
2244,Quebec,19-03-2020,27,121
2245,Quebec,20-03-2020,18,139
2246,Quebec,21-03-2020,42,181
2247,Quebec,22-03-2020,38,219
2248,Quebec,23-03-2020,409,628
2249,Quebec,24-03-2020,412,1040
2250,Quebec,25-03-2020,299,1339
2251,Quebec,26-03-2020,290,1629
2252,Quebec,27-03-2020,392,2021
2253,Quebec,28-03-2020,477,2498
2254,Quebec,29-03-2020,342,2840
2255,Quebec,30-03-2020,590,3430
2256,Quebec,31-03-2020,732,4162
2257,Quebec,01-04-2020,449,4611
2258,Quebec,02-04-2020,907,5518
2259,Quebec,03-04-2020,583,6101
2260,Quebec,04-04-2020,896,6997
2261,Quebec,05-04-2020,947,7944
2262,Quebec,06-04-2020,636,8580
2263,Quebec,07-04-2020,760,9340
2264,Quebec,08-04-2020,691,10031
2265,Quebec,09-04-2020,881,10912
2266,Quebec,10-04-2020,765,11677
2267,Quebec,11-04-2020,615,12292
2268,Quebec,12-04-2020,554,12846
2269,Quebec,13-04-2020,711,13557
2270,Quebec,14-04-2020,691,14248
2271,Quebec,15-04-2020,612,14860
2272,Quebec,16-04-2020,997,15857
2273,Quebec,17-04-2020,941,16798
2274,Quebec,18-04-2020,722,17520
2275,Quebec,19-04-2020,834,18354
2276,Quebec,20-04-2020,961,19315
2277,Quebec,21-04-2020,806,20121
2278,Quebec,22-04-2020,838,20959
2279,Quebec,23-04-2020,873,21832
2280,Quebec,24-04-2020,774,22606
2281,Quebec,25-04-2020,653,23259
2282,Quebec,26-04-2020,840,24099
2283,Quebec,27-04-2020,870,24969
2284,Quebec,28-04-2020,777,25746
2285,Quebec,29-04-2020,843,26589
2286,Quebec,30-04-2020,948,27537
2287,Quebec,01-05-2020,1110,28647
2288,Quebec,02-05-2020,1008,29655
2289,Quebec,03-05-2020,2203,31858
2290,Quebec,04-05-2020,759,32617
2291,Quebec,05-05-2020,795,33412
2292,Quebec,06-05-2020,910,34322
2293,Quebec,07-05-2020,915,35237
2294,Quebec,08-05-2020,913,36150
2295,Quebec,09-05-2020,836,36986
2296,Quebec,10-05-2020,735,37721
2297,Quebec,11-05-2020,748,38469
2298,Quebec,12-05-2020,756,39225
2299,Quebec,13-05-2020,705,39930
2300,Quebec,14-05-2020,793,40723
2301,Quebec,15-05-2020,697,41420
2302,Quebec,16-05-2020,763,42183
2303,Quebec,17-05-2020,735,42918
2304,Quebec,18-05-2020,709,43627
2305,Quebec,19-05-2020,570,44197
2306,Quebec,20-05-2020,578,44775
2307,Quebec,21-05-2020,720,45495
2308,Quebec,22-05-2020,645,46140
2309,Quebec,23-05-2020,698,46838
2310,Quebec,24-05-2020,573,47411
2311,Quebec,25-05-2020,573,47984
2312,Quebec,26-05-2020,614,48598
2313,Quebec,27-05-2020,539,49137
2314,Quebec,28-05-2020,564,49701
2315,Quebec,29-05-2020,529,50230
2316,Quebec,30-05-2020,419,50649
2317,Quebec,31-05-2020,410,51059
2318,Quebec,01-06-2020,294,51353
2319,Quebec,02-06-2020,237,51590
2320,Quebec,03-06-2020,292,51882
2321,Quebec,04-06-2020,259,52141
2322,Quebec,05-06-2020,255,52396
2323,Quebec,06-06-2020,227,52623
2324,Quebec,07-06-2020,225,52848
2325,Quebec,08-06-2020,198,53046
2326,Quebec,09-06-2020,139,53185
2327,Quebec,10-06-2020,156,53341
2328,Quebec,11-06-2020,144,53485
2329,Quebec,12-06-2020,181,53666
2330,Quebec,13-06-2020,158,53824
2331,Quebec,14-06-2020,128,53952
2332,Quebec,15-06-2020,101,54053
2333,Quebec,16-06-2020,93,54146
2334,Quebec,17-06-2020,117,54263
2335,Quebec,18-06-2020,120,54383
2336,Quebec,19-06-2020,167,54550
2337,Quebec,20-06-2020,124,54674
2338,Quebec,21-06-2020,91,54765
2339,Quebec,22-06-2020,69,54834
2340,Quebec,23-06-2020,49,54883
2341,Quebec,24-06-2020,54,54937
2342,Quebec,25-06-2020,142,55079
2343,Quebec,26-06-2020,0,55079
2344,Quebec,27-06-2020,0,55079
2345,Quebec,28-06-2020,0,55079
2346,Quebec,29-06-2020,311,55390
2347,Quebec,30-06-2020,68,55458
2348,Quebec,01-07-2020,66,55524
2349,Quebec,02-07-2020,69,55593
2350,Quebec,03-07-2020,89,55682
2351,Quebec,04-07-2020,102,55784
2352,Quebec,05-07-2020,79,55863
2353,Quebec,06-07-2020,74,55937
2354,Quebec,07-07-2020,60,55997
2355,Quebec,08-07-2020,82,56079
2356,Quebec,09-07-2020,137,56216
2357,Quebec,10-07-2020,100,56316
2358,Quebec,11-07-2020,91,56407
2359,Quebec,12-07-2020,114,56521
2360,Quebec,13-07-2020,100,56621
2361,Quebec,14-07-2020,109,56730
2362,Quebec,15-07-2020,129,56859
2363,Quebec,16-07-2020,142,57001
2364,Quebec,17-07-2020,141,57142
2365,Quebec,18-07-2020,158,57300
2366,Quebec,19-07-2020,166,57466
2367,Quebec,20-07-2020,150,57616
2368,Quebec,21-07-2020,180,57796
2369,Quebec,22-07-2020,142,57938
2370,Quebec,23-07-2020,142,58080
2371,Quebec,24-07-2020,163,58243
2372,Quebec,25-07-2020,171,58414
2373,Quebec,26-07-2020,169,58583
2374,Quebec,27-07-2020,145,58728
2375,Quebec,28-07-2020,169,58897
2376,Quebec,29-07-2020,176,59073
2377,Quebec,30-07-2020,58,59131
2378,Quebec,31-07-2020,181,59312
2379,Quebec,01-08-2020,146,59458
2380,Quebec,02-08-2020,141,59599
2381,Quebec,03-08-2020,123,59722
2382,Quebec,04-08-2020,123,59845
2383,Quebec,05-08-2020,155,60000
2384,Quebec,06-08-2020,133,60133
2385,Quebec,07-08-2020,108,60241
2386,Quebec,08-08-2020,126,60367
2387,Quebec,09-08-2020,104,60471
2388,Quebec,10-08-2020,156,60627
2389,Quebec,11-08-2020,91,60718
2390,Quebec,12-08-2020,95,60813
2391,Quebec,13-08-2020,104,60917
2392,Quebec,14-08-2020,87,61004
2393,Quebec,15-08-2020,80,61084
2394,Quebec,16-08-2020,67,61151
2395,Quebec,17-08-2020,55,61206
2396,Quebec,18-08-2020,46,61252
2397,Quebec,19-08-2020,64,61316
2398,Quebec,20-08-2020,86,61402
2399,Quebec,21-08-2020,93,61495
2400,Quebec,22-08-2020,104,61599
2401,Quebec,23-08-2020,74,61673
2402,Quebec,24-08-2020,68,61741
2403,Quebec,25-08-2020,62,61803
2404,Quebec,26-08-2020,142,61945
2405,Quebec,27-08-2020,111,62056
2406,Quebec,28-08-2020,68,62124
2407,Quebec,29-08-2020,108,62232
2408,Quebec,30-08-2020,120,62352
2409,Repatriated,25-01-2020,0,0
2410,Repatriated,26-01-2020,0,0
2411,Repatriated,27-01-2020,0,0
2412,Repatriated,28-01-2020,0,0
2413,Repatriated,29-01-2020,0,0
2414,Repatriated,30-01-2020,0,0
2415,Repatriated,31-01-2020,0,0
2416,Repatriated,01-02-2020,0,0
2417,Repatriated,02-02-2020,0,0
2418,Repatriated,03-02-2020,0,0
2419,Repatriated,04-02-2020,0,0
2420,Repatriated,05-02-2020,0,0
2421,Repatriated,06-02-2020,0,0
2422,Repatriated,07-02-2020,0,0
2423,Repatriated,08-02-2020,0,0
2424,Repatriated,09-02-2020,0,0
2425,Repatriated,10-02-2020,0,0
2426,Repatriated,11-02-2020,0,0
2427,Repatriated,12-02-2020,0,0
2428,Repatriated,13-02-2020,0,0
2429,Repatriated,14-02-2020,0,0
2430,Repatriated,15-02-2020,0,0
2431,Repatriated,16-02-2020,0,0
2432,Repatriated,17-02-2020,0,0
2433,Repatriated,18-02-2020,0,0
2434,Repatriated,19-02-2020,0,0
2435,Repatriated,20-02-2020,0,0
2436,Repatriated,21-02-2020,0,0
2437,Repatriated,22-02-2020,0,0
2438,Repatriated,23-02-2020,0,0
2439,Repatriated,24-02-2020,0,0
2440,Repatriated,25-02-2020,0,0
2441,Repatriated,26-02-2020,0,0
2442,Repatriated,27-02-2020,0,0
2443,Repatriated,28-02-2020,0,0
2444,Repatriated,29-02-2020,0,0
2445,Repatriated,01-03-2020,0,0
2446,Repatriated,02-03-2020,0,0
2447,Repatriated,03-03-2020,0,0
2448,Repatriated,04-03-2020,0,0
2449,Repatriated,05-03-2020,0,0
2450,Repatriated,06-03-2020,0,0
2451,Repatriated,07-03-2020,0,0
2452,Repatriated,08-03-2020,0,0
2453,Repatriated,09-03-2020,0,0
2454,Repatriated,10-03-2020,0,0
2455,Repatriated,11-03-2020,1,1
2456,Repatriated,12-03-2020,0,1
2457,Repatriated,13-03-2020,1,2
2458,Repatriated,14-03-2020,2,4
2459,Repatriated,15-03-2020,0,4
2460,Repatriated,16-03-2020,4,8
2461,Repatriated,17-03-2020,1,9
2462,Repatriated,18-03-2020,0,9
2463,Repatriated,19-03-2020,1,10
2464,Repatriated,20-03-2020,2,12
2465,Repatriated,21-03-2020,1,13
2466,Repatriated,22-03-2020,0,13
2467,Repatriated,23-03-2020,0,13
2468,Repatriated,24-03-2020,0,13
2469,Repatriated,25-03-2020,0,13
2470,Repatriated,26-03-2020,0,13
2471,Repatriated,27-03-2020,0,13
2472,Repatriated,28-03-2020,0,13
2473,Repatriated,29-03-2020,0,13
2474,Repatriated,30-03-2020,0,13
2475,Repatriated,31-03-2020,0,13
2476,Repatriated,01-04-2020,0,13
2477,Repatriated,02-04-2020,0,13
2478,Repatriated,03-04-2020,0,13
2479,Repatriated,04-04-2020,0,13
2480,Repatriated,05-04-2020,0,13
2481,Repatriated,06-04-2020,0,13
2482,Repatriated,07-04-2020,0,13
2483,Repatriated,08-04-2020,0,13
2484,Repatriated,09-04-2020,0,13
2485,Repatriated,10-04-2020,0,13
2486,Repatriated,11-04-2020,0,13
2487,Repatriated,12-04-2020,0,13
2488,Repatriated,13-04-2020,0,13
2489,Repatriated,14-04-2020,0,13
2490,Repatriated,15-04-2020,0,13
2491,Repatriated,16-04-2020,0,13
2492,Repatriated,17-04-2020,0,13
2493,Repatriated,18-04-2020,0,13
2494,Repatriated,19-04-2020,0,13
2495,Repatriated,20-04-2020,0,13
2496,Repatriated,21-04-2020,0,13
2497,Repatriated,22-04-2020,0,13
2498,Repatriated,23-04-2020,0,13
2499,Repatriated,24-04-2020,0,13
2500,Repatriated,25-04-2020,0,13
2501,Repatriated,26-04-2020,0,13
2502,Repatriated,27-04-2020,0,13
2503,Repatriated,28-04-2020,0,13
2504,Repatriated,29-04-2020,0,13
2505,Repatriated,30-04-2020,0,13
2506,Repatriated,01-05-2020,0,13
2507,Repatriated,02-05-2020,0,13
2508,Repatriated,03-05-2020,0,13
2509,Repatriated,04-05-2020,0,13
2510,Repatriated,05-05-2020,0,13
2511,Repatriated,06-05-2020,0,13
2512,Repatriated,07-05-2020,0,13
2513,Repatriated,08-05-2020,0,13
2514,Repatriated,09-05-2020,0,13
2515,Repatriated,10-05-2020,0,13
2516,Repatriated,11-05-2020,0,13
2517,Repatriated,12-05-2020,0,13
2518,Repatriated,13-05-2020,0,13
2519,Repatriated,14-05-2020,0,13
2520,Repatriated,15-05-2020,0,13
2521,Repatriated,16-05-2020,0,13
2522,Repatriated,17-05-2020,0,13
2523,Repatriated,18-05-2020,0,13
2524,Repatriated,19-05-2020,0,13
2525,Repatriated,20-05-2020,0,13
2526,Repatriated,21-05-2020,0,13
2527,Repatriated,22-05-2020,0,13
2528,Repatriated,23-05-2020,0,13
2529,Repatriated,24-05-2020,0,13
2530,Repatriated,25-05-2020,0,13
2531,Repatriated,26-05-2020,0,13
2532,Repatriated,27-05-2020,0,13
2533,Repatriated,28-05-2020,0,13
2534,Repatriated,29-05-2020,0,13
2535,Repatriated,30-05-2020,0,13
2536,Repatriated,31-05-2020,0,13
2537,Repatriated,01-06-2020,0,13
2538,Repatriated,02-06-2020,0,13
2539,Repatriated,03-06-2020,0,13
2540,Repatriated,04-06-2020,0,13
2541,Repatriated,05-06-2020,0,13
2542,Repatriated,06-06-2020,0,13
2543,Repatriated,07-06-2020,0,13
2544,Repatriated,08-06-2020,0,13
2545,Repatriated,09-06-2020,0,13
2546,Repatriated,10-06-2020,0,13
2547,Repatriated,11-06-2020,0,13
2548,Repatriated,12-06-2020,0,13
2549,Repatriated,13-06-2020,0,13
2550,Repatriated,14-06-2020,0,13
2551,Repatriated,15-06-2020,0,13
2552,Repatriated,16-06-2020,0,13
2553,Repatriated,17-06-2020,0,13
2554,Repatriated,18-06-2020,0,13
2555,Repatriated,19-06-2020,0,13
2556,Repatriated,20-06-2020,0,13
2557,Repatriated,21-06-2020,0,13
2558,Repatriated,22-06-2020,0,13
2559,Repatriated,23-06-2020,0,13
2560,Repatriated,24-06-2020,0,13
2561,Repatriated,25-06-2020,0,13
2562,Repatriated,26-06-2020,0,13
2563,Repatriated,27-06-2020,0,13
2564,Repatriated,28-06-2020,0,13
2565,Repatriated,29-06-2020,0,13
2566,Repatriated,30-06-2020,0,13
2567,Repatriated,01-07-2020,0,13
2568,Repatriated,02-07-2020,0,13
2569,Repatriated,03-07-2020,0,13
2570,Repatriated,04-07-2020,0,13
2571,Repatriated,05-07-2020,0,13
2572,Repatriated,06-07-2020,0,13
2573,Repatriated,07-07-2020,0,13
2574,Repatriated,08-07-2020,0,13
2575,Repatriated,09-07-2020,0,13
2576,Repatriated,10-07-2020,0,13
2577,Repatriated,11-07-2020,0,13
2578,Repatriated,12-07-2020,0,13
2579,Repatriated,13-07-2020,0,13
2580,Repatriated,14-07-2020,0,13
2581,Repatriated,15-07-2020,0,13
2582,Repatriated,16-07-2020,0,13
2583,Repatriated,17-07-2020,0,13
2584,Repatriated,18-07-2020,0,13
2585,Repatriated,19-07-2020,0,13
2586,Repatriated,20-07-2020,0,13
2587,Repatriated,21-07-2020,0,13
2588,Repatriated,22-07-2020,0,13
2589,Repatriated,23-07-2020,0,13
2590,Repatriated,24-07-2020,0,13
2591,Repatriated,25-07-2020,0,13
2592,Repatriated,26-07-2020,0,13
2593,Repatriated,27-07-2020,0,13
2594,Repatriated,28-07-2020,0,13
2595,Repatriated,29-07-2020,0,13
2596,Repatriated,30-07-2020,0,13
2597,Repatriated,31-07-2020,0,13
2598,Repatriated,01-08-2020,0,13
2599,Repatriated,02-08-2020,0,13
2600,Repatriated,03-08-2020,0,13
2601,Repatriated,04-08-2020,0,13
2602,Repatriated,05-08-2020,0,13
2603,Repatriated,06-08-2020,0,13
2604,Repatriated,07-08-2020,0,13
2605,Repatriated,08-08-2020,0,13
2606,Repatriated,09-08-2020,0,13
2607,Repatriated,10-08-2020,0,13
2608,Repatriated,11-08-2020,0,13
2609,Repatriated,12-08-2020,0,13
2610,Repatriated,13-08-2020,0,13
2611,Repatriated,14-08-2020,0,13
2612,Repatriated,15-08-2020,0,13
2613,Repatriated,16-08-2020,0,13
2614,Repatriated,17-08-2020,0,13
2615,Repatriated,18-08-2020,0,13
2616,Repatriated,19-08-2020,0,13
2617,Repatriated,20-08-2020,0,13
2618,Repatriated,21-08-2020,0,13
2619,Repatriated,22-08-2020,0,13
2620,Repatriated,23-08-2020,0,13
2621,Repatriated,24-08-2020,0,13
2622,Repatriated,25-08-2020,0,13
2623,Repatriated,26-08-2020,0,13
2624,Repatriated,27-08-2020,0,13
2625,Repatriated,28-08-2020,0,13
2626,Repatriated,29-08-2020,0,13
2627,Repatriated,30-08-2020,0,13
2628,Saskatchewan,25-01-2020,0,0
2629,Saskatchewan,26-01-2020,0,0
2630,Saskatchewan,27-01-2020,0,0
2631,Saskatchewan,28-01-2020,0,0
2632,Saskatchewan,29-01-2020,0,0
2633,Saskatchewan,30-01-2020,0,0
2634,Saskatchewan,31-01-2020,0,0
2635,Saskatchewan,01-02-2020,0,0
2636,Saskatchewan,02-02-2020,0,0
2637,Saskatchewan,03-02-2020,0,0
2638,Saskatchewan,04-02-2020,0,0
2639,Saskatchewan,05-02-2020,0,0
2640,Saskatchewan,06-02-2020,0,0
2641,Saskatchewan,07-02-2020,0,0
2642,Saskatchewan,08-02-2020,0,0
2643,Saskatchewan,09-02-2020,0,0
2644,Saskatchewan,10-02-2020,0,0
2645,Saskatchewan,11-02-2020,0,0
2646,Saskatchewan,12-02-2020,0,0
2647,Saskatchewan,13-02-2020,0,0
2648,Saskatchewan,14-02-2020,0,0
2649,Saskatchewan,15-02-2020,0,0
2650,Saskatchewan,16-02-2020,0,0
2651,Saskatchewan,17-02-2020,0,0
2652,Saskatchewan,18-02-2020,0,0
2653,Saskatchewan,19-02-2020,0,0
2654,Saskatchewan,20-02-2020,0,0
2655,Saskatchewan,21-02-2020,0,0
2656,Saskatchewan,22-02-2020,0,0
2657,Saskatchewan,23-02-2020,0,0
2658,Saskatchewan,24-02-2020,0,0
2659,Saskatchewan,25-02-2020,0,0
2660,Saskatchewan,26-02-2020,0,0
2661,Saskatchewan,27-02-2020,0,0
2662,Saskatchewan,28-02-2020,0,0
2663,Saskatchewan,29-02-2020,0,0
2664,Saskatchewan,01-03-2020,0,0
2665,Saskatchewan,02-03-2020,0,0
2666,Saskatchewan,03-03-2020,0,0
2667,Saskatchewan,04-03-2020,0,0
2668,Saskatchewan,05-03-2020,0,0
2669,Saskatchewan,06-03-2020,0,0
2670,Saskatchewan,07-03-2020,0,0
2671,Saskatchewan,08-03-2020,0,0
2672,Saskatchewan,09-03-2020,0,0
2673,Saskatchewan,10-03-2020,0,0
2674,Saskatchewan,11-03-2020,0,0
2675,Saskatchewan,12-03-2020,1,1
2676,Saskatchewan,13-03-2020,1,2
2677,Saskatchewan,14-03-2020,4,6
2678,Saskatchewan,15-03-2020,0,6
2679,Saskatchewan,16-03-2020,1,7
2680,Saskatchewan,17-03-2020,1,8
2681,Saskatchewan,18-03-2020,8,16
2682,Saskatchewan,19-03-2020,4,20
2683,Saskatchewan,20-03-2020,6,26
2684,Saskatchewan,21-03-2020,18,44
2685,Saskatchewan,22-03-2020,8,52
2686,Saskatchewan,23-03-2020,14,66
2687,Saskatchewan,24-03-2020,6,72
2688,Saskatchewan,25-03-2020,14,86
2689,Saskatchewan,26-03-2020,9,95
2690,Saskatchewan,27-03-2020,9,104
2691,Saskatchewan,28-03-2020,30,134
2692,Saskatchewan,29-03-2020,22,156
2693,Saskatchewan,30-03-2020,20,176
2694,Saskatchewan,31-03-2020,8,184
2695,Saskatchewan,01-04-2020,9,193
2696,Saskatchewan,02-04-2020,13,206
2697,Saskatchewan,03-04-2020,14,220
2698,Saskatchewan,04-04-2020,11,231
2699,Saskatchewan,05-04-2020,18,249
2700,Saskatchewan,06-04-2020,4,253
2701,Saskatchewan,07-04-2020,7,260
2702,Saskatchewan,08-04-2020,11,271
2703,Saskatchewan,09-04-2020,7,278
2704,Saskatchewan,10-04-2020,7,285
2705,Saskatchewan,11-04-2020,4,289
2706,Saskatchewan,12-04-2020,9,298
2707,Saskatchewan,13-04-2020,2,300
2708,Saskatchewan,14-04-2020,1,301
2709,Saskatchewan,15-04-2020,3,304
2710,Saskatchewan,16-04-2020,1,305
2711,Saskatchewan,17-04-2020,2,307
2712,Saskatchewan,18-04-2020,6,313
2713,Saskatchewan,19-04-2020,2,315
2714,Saskatchewan,20-04-2020,1,316
2715,Saskatchewan,21-04-2020,4,320
2716,Saskatchewan,22-04-2020,6,326
2717,Saskatchewan,23-04-2020,5,331
2718,Saskatchewan,24-04-2020,10,341
2719,Saskatchewan,25-04-2020,8,349
2720,Saskatchewan,26-04-2020,4,353
2721,Saskatchewan,27-04-2020,12,365
2722,Saskatchewan,28-04-2020,1,366
2723,Saskatchewan,29-04-2020,17,383
2724,Saskatchewan,30-04-2020,6,389
2725,Saskatchewan,01-05-2020,26,415
2726,Saskatchewan,02-05-2020,6,421
2727,Saskatchewan,03-05-2020,12,433
2728,Saskatchewan,04-05-2020,34,467
2729,Saskatchewan,05-05-2020,20,487
2730,Saskatchewan,06-05-2020,25,512
2731,Saskatchewan,07-05-2020,19,531
2732,Saskatchewan,08-05-2020,13,544
2733,Saskatchewan,09-05-2020,9,553
2734,Saskatchewan,10-05-2020,11,564
2735,Saskatchewan,11-05-2020,4,568
2736,Saskatchewan,12-05-2020,5,573
2737,Saskatchewan,13-05-2020,4,577
2738,Saskatchewan,14-05-2020,5,582
2739,Saskatchewan,15-05-2020,8,590
2740,Saskatchewan,16-05-2020,1,591
2741,Saskatchewan,17-05-2020,1,592
2742,Saskatchewan,18-05-2020,0,592
2743,Saskatchewan,19-05-2020,7,599
2744,Saskatchewan,20-05-2020,21,620
2745,Saskatchewan,21-05-2020,2,622
2746,Saskatchewan,22-05-2020,5,627
2747,Saskatchewan,23-05-2020,3,630
2748,Saskatchewan,24-05-2020,2,632
2749,Saskatchewan,25-05-2020,2,634
2750,Saskatchewan,26-05-2020,0,634
2751,Saskatchewan,27-05-2020,2,636
2752,Saskatchewan,28-05-2020,1,637
2753,Saskatchewan,29-05-2020,2,639
2754,Saskatchewan,30-05-2020,4,643
2755,Saskatchewan,31-05-2020,1,644
2756,Saskatchewan,01-06-2020,1,645
2757,Saskatchewan,02-06-2020,0,645
2758,Saskatchewan,03-06-2020,1,646
2759,Saskatchewan,04-06-2020,1,647
2760,Saskatchewan,05-06-2020,1,648
2761,Saskatchewan,06-06-2020,1,649
2762,Saskatchewan,07-06-2020,0,649
2763,Saskatchewan,08-06-2020,4,653
2764,Saskatchewan,09-06-2020,2,655
2765,Saskatchewan,10-06-2020,2,657
2766,Saskatchewan,11-06-2020,2,659
2767,Saskatchewan,12-06-2020,3,662
2768,Saskatchewan,13-06-2020,1,663
2769,Saskatchewan,14-06-2020,1,664
2770,Saskatchewan,15-06-2020,16,680
2771,Saskatchewan,16-06-2020,0,680
2772,Saskatchewan,17-06-2020,9,689
2773,Saskatchewan,18-06-2020,14,703
2774,Saskatchewan,19-06-2020,8,711
2775,Saskatchewan,20-06-2020,10,721
2776,Saskatchewan,21-06-2020,19,740
2777,Saskatchewan,22-06-2020,1,741
2778,Saskatchewan,23-06-2020,11,752
2779,Saskatchewan,24-06-2020,4,756
2780,Saskatchewan,25-06-2020,3,759
2781,Saskatchewan,26-06-2020,12,771
2782,Saskatchewan,27-06-2020,6,777
2783,Saskatchewan,28-06-2020,1,778
2784,Saskatchewan,29-06-2020,1,779
2785,Saskatchewan,30-06-2020,6,785
2786,Saskatchewan,01-07-2020,0,785
2787,Saskatchewan,02-07-2020,10,795
2788,Saskatchewan,03-07-2020,1,796
2789,Saskatchewan,04-07-2020,0,796
2790,Saskatchewan,05-07-2020,0,796
2791,Saskatchewan,06-07-2020,9,805
2792,Saskatchewan,07-07-2020,1,806
2793,Saskatchewan,08-07-2020,2,808
2794,Saskatchewan,09-07-2020,5,813
2795,Saskatchewan,10-07-2020,2,815
2796,Saskatchewan,11-07-2020,1,816
2797,Saskatchewan,12-07-2020,20,836
2798,Saskatchewan,13-07-2020,31,867
2799,Saskatchewan,14-07-2020,5,872
2800,Saskatchewan,15-07-2020,5,877
2801,Saskatchewan,16-07-2020,42,919
2802,Saskatchewan,17-07-2020,13,932
2803,Saskatchewan,18-07-2020,6,938
2804,Saskatchewan,19-07-2020,5,943
2805,Saskatchewan,20-07-2020,19,962
2806,Saskatchewan,21-07-2020,8,970
2807,Saskatchewan,22-07-2020,60,1030
2808,Saskatchewan,23-07-2020,42,1072
2809,Saskatchewan,24-07-2020,27,1099
2810,Saskatchewan,25-07-2020,37,1136
2811,Saskatchewan,26-07-2020,42,1178
2812,Saskatchewan,27-07-2020,30,1208
2813,Saskatchewan,28-07-2020,9,1217
2814,Saskatchewan,29-07-2020,50,1267
2815,Saskatchewan,30-07-2020,38,1305
2816,Saskatchewan,31-07-2020,14,1319
2817,Saskatchewan,01-08-2020,15,1334
2818,Saskatchewan,02-08-2020,8,1342
2819,Saskatchewan,03-08-2020,17,1359
2820,Saskatchewan,04-08-2020,9,1368
2821,Saskatchewan,05-08-2020,8,1376
2822,Saskatchewan,06-08-2020,11,1387
2823,Saskatchewan,07-08-2020,20,1407
2824,Saskatchewan,08-08-2020,23,1430
2825,Saskatchewan,09-08-2020,14,1444
2826,Saskatchewan,10-08-2020,4,1448
2827,Saskatchewan,11-08-2020,29,1477
2828,Saskatchewan,12-08-2020,5,1482
2829,Saskatchewan,13-08-2020,27,1509
2830,Saskatchewan,14-08-2020,30,1539
2831,Saskatchewan,15-08-2020,25,1564
2832,Saskatchewan,16-08-2020,15,1579
2833,Saskatchewan,17-08-2020,1,1580
2834,Saskatchewan,18-08-2020,1,1581
2835,Saskatchewan,19-08-2020,4,1585
2836,Saskatchewan,20-08-2020,4,1589
2837,Saskatchewan,21-08-2020,5,1594
2838,Saskatchewan,22-08-2020,2,1596
2839,Saskatchewan,23-08-2020,2,1598
2840,Saskatchewan,24-08-2020,3,1601
2841,Saskatchewan,25-08-2020,0,1601
2842,Saskatchewan,26-08-2020,3,1604
2843,Saskatchewan,27-08-2020,5,1609
2844,Saskatchewan,28-08-2020,2,1611
2845,Saskatchewan,29-08-2020,4,1615
2846,Saskatchewan,30-08-2020,0,1615
2847,Yukon,25-01-2020,0,0
2848,Yukon,26-01-2020,0,0
2849,Yukon,27-01-2020,0,0
2850,Yukon,28-01-2020,0,0
2851,Yukon,29-01-2020,0,0
2852,Yukon,30-01-2020,0,0
2853,Yukon,31-01-2020,0,0
2854,Yukon,01-02-2020,0,0
2855,Yukon,02-02-2020,0,0
2856,Yukon,03-02-2020,0,0
2857,Yukon,04-02-2020,0,0
2858,Yukon,05-02-2020,0,0
2859,Yukon,06-02-2020,0,0
2860,Yukon,07-02-2020,0,0
2861,Yukon,08-02-2020,0,0
2862,Yukon,09-02-2020,0,0
2863,Yukon,10-02-2020,0,0
2864,Yukon,11-02-2020,0,0
2865,Yukon,12-02-2020,0,0
2866,Yukon,13-02-2020,0,0
2867,Yukon,14-02-2020,0,0
2868,Yukon,15-02-2020,0,0
2869,Yukon,16-02-2020,0,0
2870,Yukon,17-02-2020,0,0
2871,Yukon,18-02-2020,0,0
2872,Yukon,19-02-2020,0,0
2873,Yukon,20-02-2020,0,0
2874,Yukon,21-02-2020,0,0
2875,Yukon,22-02-2020,0,0
2876,Yukon,23-02-2020,0,0
2877,Yukon,24-02-2020,0,0
2878,Yukon,25-02-2020,0,0
2879,Yukon,26-02-2020,0,0
2880,Yukon,27-02-2020,0,0
2881,Yukon,28-02-2020,0,0
2882,Yukon,29-02-2020,0,0
2883,Yukon,01-03-2020,0,0
2884,Yukon,02-03-2020,0,0
2885,Yukon,03-03-2020,0,0
2886,Yukon,04-03-2020,0,0
2887,Yukon,05-03-2020,0,0
2888,Yukon,06-03-2020,0,0
2889,Yukon,07-03-2020,0,0
2890,Yukon,08-03-2020,0,0
2891,Yukon,09-03-2020,0,0
2892,Yukon,10-03-2020,0,0
2893,Yukon,11-03-2020,0,0
2894,Yukon,12-03-2020,0,0
2895,Yukon,13-03-2020,0,0
2896,Yukon,14-03-2020,0,0
2897,Yukon,15-03-2020,0,0
2898,Yukon,16-03-2020,0,0
2899,Yukon,17-03-2020,0,0
2900,Yukon,18-03-2020,0,0
2901,Yukon,19-03-2020,0,0
2902,Yukon,20-03-2020,0,0
2903,Yukon,21-03-2020,0,0
2904,Yukon,22-03-2020,2,2
2905,Yukon,23-03-2020,0,2
2906,Yukon,24-03-2020,0,2
2907,Yukon,25-03-2020,1,3
2908,Yukon,26-03-2020,0,3
2909,Yukon,27-03-2020,1,4
2910,Yukon,28-03-2020,0,4
2911,Yukon,29-03-2020,0,4
2912,Yukon,30-03-2020,1,5
2913,Yukon,31-03-2020,0,5
2914,Yukon,01-04-2020,1,6
2915,Yukon,02-04-2020,0,6
2916,Yukon,03-04-2020,0,6
2917,Yukon,04-04-2020,0,6
2918,Yukon,05-04-2020,0,6
2919,Yukon,06-04-2020,1,7
2920,Yukon,07-04-2020,0,7
2921,Yukon,08-04-2020,1,8
2922,Yukon,09-04-2020,0,8
2923,Yukon,10-04-2020,0,8
2924,Yukon,11-04-2020,0,8
2925,Yukon,12-04-2020,0,8
2926,Yukon,13-04-2020,0,8
2927,Yukon,14-04-2020,0,8
2928,Yukon,15-04-2020,0,8
2929,Yukon,16-04-2020,0,8
2930,Yukon,17-04-2020,1,9
2931,Yukon,18-04-2020,0,9
2932,Yukon,19-04-2020,0,9
2933,Yukon,20-04-2020,2,11
2934,Yukon,21-04-2020,0,11
2935,Yukon,22-04-2020,0,11
2936,Yukon,23-04-2020,0,11
2937,Yukon,24-04-2020,0,11
2938,Yukon,25-04-2020,0,11
2939,Yukon,26-04-2020,0,11
2940,Yukon,27-04-2020,0,11
2941,Yukon,28-04-2020,0,11
2942,Yukon,29-04-2020,0,11
2943,Yukon,30-04-2020,0,11
2944,Yukon,01-05-2020,0,11
2945,Yukon,02-05-2020,0,11
2946,Yukon,03-05-2020,0,11
2947,Yukon,04-05-2020,0,11
2948,Yukon,05-05-2020,0,11
2949,Yukon,06-05-2020,0,11
2950,Yukon,07-05-2020,0,11
2951,Yukon,08-05-2020,0,11
2952,Yukon,09-05-2020,0,11
2953,Yukon,10-05-2020,0,11
2954,Yukon,11-05-2020,0,11
2955,Yukon,12-05-2020,0,11
2956,Yukon,13-05-2020,0,11
2957,Yukon,14-05-2020,0,11
2958,Yukon,15-05-2020,0,11
2959,Yukon,16-05-2020,0,11
2960,Yukon,17-05-2020,0,11
2961,Yukon,18-05-2020,0,11
2962,Yukon,19-05-2020,0,11
2963,Yukon,20-05-2020,0,11
2964,Yukon,21-05-2020,0,11
2965,Yukon,22-05-2020,0,11
2966,Yukon,23-05-2020,0,11
2967,Yukon,24-05-2020,0,11
2968,Yukon,25-05-2020,0,11
2969,Yukon,26-05-2020,0,11
2970,Yukon,27-05-2020,0,11
2971,Yukon,28-05-2020,0,11
2972,Yukon,29-05-2020,0,11
2973,Yukon,30-05-2020,0,11
2974,Yukon,31-05-2020,0,11
2975,Yukon,01-06-2020,0,11
2976,Yukon,02-06-2020,0,11
2977,Yukon,03-06-2020,0,11
2978,Yukon,04-06-2020,0,11
2979,Yukon,05-06-2020,0,11
2980,Yukon,06-06-2020,0,11
2981,Yukon,07-06-2020,0,11
2982,Yukon,08-06-2020,0,11
2983,Yukon,09-06-2020,0,11
2984,Yukon,10-06-2020,0,11
2985,Yukon,11-06-2020,0,11
2986,Yukon,12-06-2020,0,11
2987,Yukon,13-06-2020,0,11
2988,Yukon,14-06-2020,0,11
2989,Yukon,15-06-2020,0,11
2990,Yukon,16-06-2020,0,11
2991,Yukon,17-06-2020,0,11
2992,Yukon,18-06-2020,0,11
2993,Yukon,19-06-2020,0,11
2994,Yukon,20-06-2020,0,11
2995,Yukon,21-06-2020,0,11
2996,Yukon,22-06-2020,0,11
2997,Yukon,23-06-2020,0,11
2998,Yukon,24-06-2020,0,11
2999,Yukon,25-06-2020,0,11
3000,Yukon,26-06-2020,0,11
3001,Yukon,27-06-2020,0,11
3002,Yukon,28-06-2020,0,11
3003,Yukon,29-06-2020,0,11
3004,Yukon,30-06-2020,0,11
3005,Yukon,01-07-2020,0,11
3006,Yukon,02-07-2020,0,11
3007,Yukon,03-07-2020,0,11
3008,Yukon,04-07-2020,0,11
3009,Yukon,05-07-2020,0,11
3010,Yukon,06-07-2020,0,11
3011,Yukon,07-07-2020,0,11
3012,Yukon,08-07-2020,0,11
3013,Yukon,09-07-2020,0,11
3014,Yukon,10-07-2020,0,11
3015,Yukon,11-07-2020,0,11
3016,Yukon,12-07-2020,0,11
3017,Yukon,13-07-2020,0,11
3018,Yukon,14-07-2020,0,11
3019,Yukon,15-07-2020,0,11
3020,Yukon,16-07-2020,0,11
3021,Yukon,17-07-2020,2,13
3022,Yukon,18-07-2020,0,13
3023,Yukon,19-07-2020,0,13
3024,Yukon,20-07-2020,0,13
3025,Yukon,21-07-2020,0,13
3026,Yukon,22-07-2020,0,13
3027,Yukon,23-07-2020,0,13
3028,Yukon,24-07-2020,1,14
3029,Yukon,25-07-2020,0,14
3030,Yukon,26-07-2020,0,14
3031,Yukon,27-07-2020,0,14
3032,Yukon,28-07-2020,0,14
3033,Yukon,29-07-2020,0,14
3034,Yukon,30-07-2020,0,14
3035,Yukon,31-07-2020,0,14
3036,Yukon,01-08-2020,0,14
3037,Yukon,02-08-2020,0,14
3038,Yukon,03-08-2020,0,14
3039,Yukon,04-08-2020,0,14
3040,Yukon,05-08-2020,0,14
3041,Yukon,06-08-2020,0,14
3042,Yukon,07-08-2020,1,15
3043,Yukon,08-08-2020,0,15
3044,Yukon,09-08-2020,0,15
3045,Yukon,10-08-2020,0,15
3046,Yukon,11-08-2020,0,15
3047,Yukon,12-08-2020,0,15
3048,Yukon,13-08-2020,0,15
3049,Yukon,14-08-2020,0,15
3050,Yukon,15-08-2020,0,15
3051,Yukon,16-08-2020,0,15
3052,Yukon,17-08-2020,0,15
3053,Yukon,18-08-2020,0,15
3054,Yukon,19-08-2020,0,15
3055,Yukon,20-08-2020,0,15
3056,Yukon,21-08-2020,0,15
3057,Yukon,22-08-2020,0,15
3058,Yukon,23-08-2020,0,15
3059,Yukon,24-08-2020,0,15
3060,Yukon,25-08-2020,0,15
3061,Yukon,26-08-2020,0,15
3062,Yukon,27-08-2020,0,15
3063,Yukon,28-08-2020,0,15
3064,Yukon,29-08-2020,0,15
3065,Yukon,30-08-2020,0,15
